emoji,label
ğŸ˜€,Happy
ğŸ˜ƒ,Happy
ğŸ˜„,Happy
ğŸ˜,Happy
ğŸ˜†,Happy
ğŸ˜…,Happy
ğŸ¤£,Happy
ğŸ˜‚,Happy
ğŸ™‚,Happy
ğŸ™ƒ,Happy
ğŸ˜‰,Happy
ğŸ˜Š,Happy
ğŸ˜‡,Happy
âœŒï¸,Happy
âœŒ,Happy
âœŒğŸ»,Happy
âœŒğŸ¼,Happy
âœŒğŸ½,Happy
âœŒğŸ¾,Happy
âœŒğŸ¿,Happy
ğŸ¤˜,Happy
ğŸ¤˜ğŸ»,Happy
ğŸ¤˜ğŸ¼,Happy
ğŸ¤˜ğŸ½,Happy
ğŸ¤˜ğŸ¾,Happy
ğŸ¤˜ğŸ¿,Happy
ğŸ¤Ÿ,Happy
ğŸ¤ŸğŸ»,Happy
ğŸ¤ŸğŸ¼,Happy
ğŸ¤ŸğŸ½,Happy
ğŸ¤ŸğŸ¾,Happy
ğŸ¤ŸğŸ¿,Happy
ğŸ‘,Happy
ğŸ‘ğŸ»,Happy
ğŸ‘ğŸ¼,Happy
ğŸ‘ğŸ½,Happy
ğŸ‘ğŸ¾,Happy
ğŸ˜¤,Angry
ğŸ˜¡,Angry
ğŸ˜ ,Angry
ğŸ¤¬,Angry
ğŸ‘¿,Angry
ğŸ¤®,Angry
ğŸ–•,Angry
ğŸ–•ğŸ»,Angry
ğŸ–•ğŸ¼,Angry
ğŸ–•ğŸ½,Angry
ğŸ–•ğŸ¾,Angry
ğŸ–•ğŸ¿,Angry
ğŸ˜¾,Angry
ğŸ¤¨,Angry
ğŸ˜•,sad
ğŸ˜Ÿ,sad
ğŸ™,sad
â˜¹ï¸,sad
â˜¹,sad
ğŸ˜¥,sad
ğŸ˜¢,sad
ğŸ˜­,sad
ğŸ˜–,sad
ğŸ˜£,sad
ğŸ˜,sad
ğŸ˜“,sad
ğŸ˜©,sad
ğŸ˜«,sad
â˜ºï¸,neutral
â˜º,neutral
ğŸ˜‹,neutral
ğŸ˜›,neutral
ğŸ˜œ,neutral
ğŸ¤ª,neutral
ğŸ˜,neutral
ğŸ¤‘,neutral
ğŸ¤—,neutral
ğŸ¤­,neutral
ğŸ¤”,neutral
ğŸ¤,neutral
ğŸ˜,neutral
ğŸ˜‘,neutral
ğŸ˜¶,neutral
ğŸ˜¶â€ğŸŒ«ï¸,neutral
ğŸ˜¶â€ğŸŒ«,neutral
ğŸ™„,neutral
ğŸ˜¬,neutral
ğŸ˜®â€ğŸ’¨,neutral
ğŸ¤¥,neutral
ğŸ˜Œ,neutral
ğŸ˜”,neutral
ğŸ˜ª,neutral
ğŸ¤¤,neutral
ğŸ˜´,neutral
ğŸ˜·,neutral
ğŸ¤’,neutral
ğŸ¤•,neutral
ğŸ¤¢,neutral
ğŸ¤§,neutral
ğŸ¥µ,neutral
ğŸ¥¶,neutral
ğŸ¥´,neutral
ğŸ˜µ,neutral
ğŸ˜µâ€ğŸ’«,neutral
ğŸ¤¯,neutral
ğŸ¤ ,neutral
ğŸ¥¸,neutral
ğŸ¤“,neutral
ğŸ§,neutral
ğŸ˜®,neutral
ğŸ˜¯,neutral
ğŸ˜²,neutral
ğŸ˜³,neutral
ğŸ¥º,neutral
ğŸ˜¦,neutral
ğŸ˜§,neutral
ğŸ˜¨,neutral
ğŸ˜°,neutral
ğŸ˜±,neutral
ğŸ¥±,neutral
â˜ ï¸,neutral
ğŸ’©,neutral
ğŸ¤¡,neutral
ğŸ‘¹,neutral
ğŸ‘º,neutral
ğŸ‘»,neutral
ğŸ‘½,neutral
ğŸ‘¾,neutral
ğŸ¤–,neutral
ğŸ™€,neutral
ğŸ’‹,neutral
ğŸ’Œ,neutral
ğŸ’˜,neutral
ğŸ’,neutral
ğŸ’–,neutral
ğŸ’—,neutral
ğŸ’“,neutral
ğŸ’,neutral
ğŸ’•,neutral
ğŸ’Ÿ,neutral
â£ï¸,neutral
â£,neutral
â¤â€ğŸ”¥,neutral
â¤ï¸â€ğŸ©¹,neutral
â¤â€ğŸ©¹,neutral
â¤ï¸,neutral
â¤,neutral
ğŸ’¢,neutral
ğŸ’¥,neutral
ğŸ’«,neutral
ğŸ’¦,neutral
ğŸ’¨,neutral
ğŸ•³ï¸,neutral
ğŸ•³,neutral
ğŸ’£,neutral
ğŸ’¬,neutral
ğŸ‘ï¸â€ğŸ—¨ï¸,neutral
ğŸ‘â€ğŸ—¨ï¸,neutral
ğŸ‘ï¸â€ğŸ—¨,neutral
ğŸ‘â€ğŸ—¨,neutral
ğŸ—¨ï¸,neutral
ğŸ—¨,neutral
ğŸ—¯ï¸,neutral
ğŸ—¯,neutral
ğŸ’­,neutral
ğŸ’¤,neutral
ğŸ‘‹,neutral
ğŸ‘‹ğŸ»,neutral
ğŸ‘‹ğŸ¼,neutral
ğŸ‘‹ğŸ½,neutral
ğŸ‘‹ğŸ¾,neutral
ğŸ‘‹ğŸ¿,neutral
ğŸ¤š,neutral
ğŸ¤šğŸ»,neutral
ğŸ¤šğŸ¼,neutral
ğŸ¤šğŸ½,neutral
ğŸ¤šğŸ¾,neutral
ğŸ¤šğŸ¿,neutral
ğŸ–ï¸,neutral
ğŸ–,neutral
ğŸ–ğŸ»,neutral
ğŸ–ğŸ¼,neutral
ğŸ–ğŸ½,neutral
ğŸ–ğŸ¾,neutral
ğŸ–ğŸ¿,neutral
âœ‹,neutral
âœ‹ğŸ»,neutral
âœ‹ğŸ¼,neutral
âœ‹ğŸ½,neutral
âœ‹ğŸ¾,neutral
âœ‹ğŸ¿,neutral
ğŸ––,neutral
ğŸ––ğŸ»,neutral
ğŸ––ğŸ¼,neutral
ğŸ––ğŸ½,neutral
ğŸ––ğŸ¾,neutral
ğŸ––ğŸ¿,neutral
ğŸ‘Œ,neutral
ğŸ‘ŒğŸ»,neutral
ğŸ‘ŒğŸ¼,neutral
ğŸ‘ŒğŸ½,neutral
ğŸ‘ŒğŸ¾,neutral
ğŸ‘ŒğŸ¿,neutral
ğŸ¤Œ,neutral
ğŸ¤ŒğŸ»,neutral
ğŸ¤ŒğŸ¼,neutral
ğŸ¤ŒğŸ½,neutral
ğŸ¤ŒğŸ¾,neutral
ğŸ¤ŒğŸ¿,neutral
ğŸ¤,neutral
ğŸ¤ğŸ»,neutral
ğŸ¤ğŸ¼,neutral
ğŸ¤ğŸ½,neutral
ğŸ¤ğŸ¾,neutral
ğŸ¤ğŸ¿,neutral
ğŸ¤,neutral
ğŸ¤ğŸ»,neutral
ğŸ¤ğŸ¼,neutral
ğŸ¤ğŸ½,neutral
ğŸ¤ğŸ¾,neutral
ğŸ¤ğŸ¿,neutral
ğŸ¤™,neutral
ğŸ¤™ğŸ»,neutral
ğŸ¤™ğŸ¼,neutral
ğŸ¤™ğŸ½,neutral
ğŸ¤™ğŸ¾,neutral
ğŸ¤™ğŸ¿,neutral
ğŸ‘ˆ,neutral
ğŸ‘ˆğŸ»,neutral
ğŸ‘ˆğŸ¼,neutral
ğŸ‘ˆğŸ½,neutral
ğŸ‘ˆğŸ¾,neutral
ğŸ‘ˆğŸ¿,neutral
ğŸ‘‰,neutral
ğŸ‘‰ğŸ»,neutral
ğŸ‘‰ğŸ¼,neutral
ğŸ‘‰ğŸ½,neutral
ğŸ‘‰ğŸ¾,neutral
ğŸ‘‰ğŸ¿,neutral
ğŸ‘†,neutral
ğŸ‘†ğŸ»,neutral
ğŸ‘†ğŸ¼,neutral
ğŸ‘†ğŸ½,neutral
ğŸ‘†ğŸ¾,neutral
ğŸ‘†ğŸ¿,neutral
ğŸ‘‡,neutral
ğŸ‘‡ğŸ»,neutral
ğŸ‘‡ğŸ¼,neutral
ğŸ‘‡ğŸ½,neutral
ğŸ‘‡ğŸ¾,neutral
ğŸ‘‡ğŸ¿,neutral
â˜ï¸,neutral
â˜,neutral
â˜ğŸ»,neutral
â˜ğŸ¼,neutral
â˜ğŸ½,neutral
â˜ğŸ¾,neutral
â˜ğŸ¿,neutral
ğŸ‘ğŸ¿,neutral
ğŸ‘,neutral
ğŸ‘ğŸ»,neutral
ğŸ‘ğŸ¼,neutral
ğŸ‘ğŸ½,neutral
ğŸ‘ğŸ¾,neutral
ğŸ‘ğŸ¿,neutral
âœŠ,neutral
âœŠğŸ»,neutral
âœŠğŸ¼,neutral
âœŠğŸ½,neutral
âœŠğŸ¾,neutral
âœŠğŸ¿,neutral
ğŸ‘Š,neutral
ğŸ‘ŠğŸ»,neutral
ğŸ‘ŠğŸ¼,neutral
ğŸ‘ŠğŸ½,neutral
ğŸ‘ŠğŸ¾,neutral
ğŸ‘ŠğŸ¿,neutral
ğŸ¤›,neutral
ğŸ¤›ğŸ»,neutral
ğŸ¤›ğŸ¼,neutral
ğŸ¤›ğŸ½,neutral
ğŸ¤›ğŸ¾,neutral
ğŸ¤›ğŸ¿,neutral
ğŸ¤œ,neutral
ğŸ¤œğŸ»,neutral
ğŸ¤œğŸ¼,neutral
ğŸ¤œğŸ½,neutral
ğŸ¤œğŸ¾,neutral
ğŸ¤œğŸ¿,neutral
ğŸ‘,neutral
ğŸ‘ğŸ»,neutral
ğŸ‘ğŸ¼,neutral
ğŸ‘ğŸ½,neutral
ğŸ‘ğŸ¾,neutral
ğŸ‘ğŸ¿,neutral
ğŸ™Œ,neutral
ğŸ™ŒğŸ»,neutral
ğŸ™ŒğŸ¼,neutral
ğŸ™ŒğŸ½,neutral
ğŸ™ŒğŸ¾,neutral
ğŸ™ŒğŸ¿,neutral
ğŸ‘,neutral
ğŸ‘ğŸ»,neutral
ğŸ‘ğŸ¼,neutral
ğŸ‘ğŸ½,neutral
ğŸ‘ğŸ¾,neutral
ğŸ‘ğŸ¿,neutral
ğŸ¤²,neutral
ğŸ¤²ğŸ»,neutral
ğŸ¤²ğŸ¼,neutral
ğŸ¤²ğŸ½,neutral
ğŸ¤²ğŸ¾,neutral
ğŸ¤²ğŸ¿,neutral
ğŸ¤,neutral
ğŸ™,neutral
ğŸ™ğŸ»,neutral
ğŸ™ğŸ¼,neutral
ğŸ™ğŸ½,neutral
ğŸ™ğŸ¾,neutral
ğŸ™ğŸ¿,neutral
âœï¸,neutral
âœ,neutral
âœğŸ»,neutral
âœğŸ¼,neutral
âœğŸ½,neutral
âœğŸ¾,neutral
âœğŸ¿,neutral
ğŸ’…,neutral
ğŸ’…ğŸ»,neutral
ğŸ’…ğŸ¼,neutral
ğŸ’…ğŸ½,neutral
ğŸ’…ğŸ¾,neutral
ğŸ’…ğŸ¿,neutral
ğŸ¤³,neutral
ğŸ¤³ğŸ»,neutral
ğŸ¤³ğŸ¼,neutral
ğŸ¤³ğŸ½,neutral
ğŸ¤³ğŸ¾,neutral
ğŸ¤³ğŸ¿,neutral
ğŸ’ª,neutral
ğŸ’ªğŸ»,neutral
ğŸ’ªğŸ¼,neutral
ğŸ’ªğŸ½,neutral
ğŸ’ªğŸ¾,neutral
ğŸ’ªğŸ¿,neutral
ğŸ¦¾,neutral
ğŸ¦¿,neutral
ğŸ¦µ,neutral
ğŸ¦µğŸ»,neutral
ğŸ¦µğŸ¼,neutral
ğŸ¦µğŸ½,neutral
ğŸ¦µğŸ¾,neutral
ğŸ¦µğŸ¿,neutral
ğŸ¦¶,neutral
ğŸ¦¶ğŸ»,neutral
ğŸ¦¶ğŸ¼,neutral
ğŸ¦¶ğŸ½,neutral
ğŸ¦¶ğŸ¾,neutral
ğŸ¦¶ğŸ¿,neutral
ğŸ‘‚,neutral
ğŸ‘‚ğŸ»,neutral
ğŸ‘‚ğŸ¼,neutral
ğŸ‘‚ğŸ½,neutral
ğŸ‘‚ğŸ¾,neutral
ğŸ‘‚ğŸ¿,neutral
ğŸ¦»,neutral
ğŸ¦»ğŸ»,neutral
ğŸ¦»ğŸ¼,neutral
ğŸ¦»ğŸ½,neutral
ğŸ¦»ğŸ¾,neutral
ğŸ¦»ğŸ¿,neutral
ğŸ‘ƒ,neutral
ğŸ‘ƒğŸ»,neutral
ğŸ‘ƒğŸ¼,neutral
ğŸ‘ƒğŸ½,neutral
ğŸ‘ƒğŸ¾,neutral
ğŸ‘ƒğŸ¿,neutral
ğŸ§ ,neutral
ğŸ«€,neutral
ğŸ«,neutral
ğŸ¦·,neutral
ğŸ¦´,neutral
ğŸ‘€,neutral
ğŸ‘ï¸,neutral
ğŸ‘,neutral
ğŸ‘…,neutral
ğŸ‘„,neutral
ğŸ‘¶,neutral
ğŸ‘¶ğŸ»,neutral
ğŸ‘¶ğŸ¼,neutral
ğŸ‘¶ğŸ½,neutral
ğŸ‘¶ğŸ¾,neutral
ğŸ‘¶ğŸ¿,neutral
ğŸ§’,neutral
ğŸ§’ğŸ»,neutral
ğŸ§’ğŸ¼,neutral
ğŸ§’ğŸ½,neutral
ğŸ§’ğŸ¾,neutral
ğŸ§’ğŸ¿,neutral
ğŸ‘¦,neutral
ğŸ‘¦ğŸ»,neutral
ğŸ‘¦ğŸ¼,neutral
ğŸ‘¦ğŸ½,neutral
ğŸ‘¦ğŸ¾,neutral
ğŸ‘¦ğŸ¿,neutral
ğŸ‘§,neutral
ğŸ‘§ğŸ»,neutral
ğŸ‘§ğŸ¼,neutral
ğŸ‘§ğŸ½,neutral
ğŸ‘§ğŸ¾,neutral
ğŸ‘§ğŸ¿,neutral
ğŸ§‘,neutral
ğŸ§‘ğŸ»,neutral
ğŸ§‘ğŸ¼,neutral
ğŸ§‘ğŸ½,neutral
ğŸ§‘ğŸ¾,neutral
ğŸ§‘ğŸ¿,neutral
ğŸ‘±,neutral
ğŸ‘±ğŸ»,neutral
ğŸ‘±ğŸ¼,neutral
ğŸ‘±ğŸ½,neutral
ğŸ‘±ğŸ¾,neutral
ğŸ‘±ğŸ¿,neutral
ğŸ‘¨,neutral
ğŸ‘¨ğŸ»,neutral
ğŸ‘¨ğŸ¼,neutral
ğŸ‘¨ğŸ½,neutral
ğŸ‘¨ğŸ¾,neutral
ğŸ‘¨ğŸ¿,neutral
ğŸ§”,neutral
ğŸ§”ğŸ»,neutral
ğŸ§”ğŸ¼,neutral
ğŸ§”ğŸ½,neutral
ğŸ§”ğŸ¾,neutral
ğŸ§”ğŸ¿,neutral
ğŸ§”â€â™‚ï¸,neutral
ğŸ§”â€â™‚,neutral
ğŸ§”ğŸ»â€â™‚ï¸,neutral
ğŸ§”ğŸ»â€â™‚,neutral
ğŸ§”ğŸ¼â€â™‚ï¸,neutral
ğŸ§”ğŸ¼â€â™‚,neutral
ğŸ§”ğŸ½â€â™‚ï¸,neutral
ğŸ§”ğŸ½â€â™‚,neutral
ğŸ§”ğŸ¾â€â™‚ï¸,neutral
ğŸ§”ğŸ¾â€â™‚,neutral
ğŸ§”ğŸ¿â€â™‚ï¸,neutral
ğŸ§”ğŸ¿â€â™‚,neutral
ğŸ§”â€â™€ï¸,neutral
ğŸ§”â€â™€,neutral
ğŸ§”ğŸ»â€â™€ï¸,neutral
ğŸ§”ğŸ»â€â™€,neutral
ğŸ§”ğŸ¼â€â™€ï¸,neutral
ğŸ§”ğŸ¼â€â™€,neutral
ğŸ§”ğŸ½â€â™€ï¸,neutral
ğŸ§”ğŸ½â€â™€,neutral
ğŸ§”ğŸ¾â€â™€ï¸,neutral
ğŸ§”ğŸ¾â€â™€,neutral
ğŸ§”ğŸ¿â€â™€ï¸,neutral
ğŸ§”ğŸ¿â€â™€,neutral
ğŸ‘¨â€ğŸ¦°,neutral
ğŸ‘¨ğŸ»â€ğŸ¦°,neutral
ğŸ‘¨ğŸ¼â€ğŸ¦°,neutral
ğŸ‘¨ğŸ½â€ğŸ¦°,neutral
ğŸ‘¨ğŸ¾â€ğŸ¦°,neutral
ğŸ‘¨ğŸ¿â€ğŸ¦°,neutral
ğŸ‘¨â€ğŸ¦±,neutral
ğŸ‘¨ğŸ»â€ğŸ¦±,neutral
ğŸ‘¨ğŸ¼â€ğŸ¦±,neutral
ğŸ‘¨ğŸ½â€ğŸ¦±,neutral
ğŸ‘¨ğŸ¾â€ğŸ¦±,neutral
ğŸ‘¨ğŸ¿â€ğŸ¦±,neutral
ğŸ‘¨â€ğŸ¦³,neutral
ğŸ‘¨ğŸ»â€ğŸ¦³,neutral
ğŸ‘¨ğŸ¼â€ğŸ¦³,neutral
ğŸ‘¨ğŸ½â€ğŸ¦³,neutral
ğŸ‘¨ğŸ¾â€ğŸ¦³,neutral
ğŸ‘¨ğŸ¿â€ğŸ¦³,neutral
ğŸ‘¨â€ğŸ¦²,neutral
ğŸ‘¨ğŸ»â€ğŸ¦²,neutral
ğŸ‘¨ğŸ¼â€ğŸ¦²,neutral
ğŸ‘¨ğŸ½â€ğŸ¦²,neutral
ğŸ‘¨ğŸ¾â€ğŸ¦²,neutral
ğŸ‘¨ğŸ¿â€ğŸ¦²,neutral
ğŸ‘©,neutral
ğŸ‘©ğŸ»,neutral
ğŸ‘©ğŸ¼,neutral
ğŸ‘©ğŸ½,neutral
ğŸ‘©ğŸ¾,neutral
ğŸ‘©ğŸ¿,neutral
ğŸ‘©â€ğŸ¦°,neutral
ğŸ‘©ğŸ»â€ğŸ¦°,neutral
ğŸ‘©ğŸ¼â€ğŸ¦°,neutral
ğŸ‘©ğŸ½â€ğŸ¦°,neutral
ğŸ‘©ğŸ¾â€ğŸ¦°,neutral
ğŸ‘©ğŸ¿â€ğŸ¦°,neutral
ğŸ§‘â€ğŸ¦°,neutral
ğŸ§‘ğŸ»â€ğŸ¦°,neutral
ğŸ§‘ğŸ¼â€ğŸ¦°,neutral
ğŸ§‘ğŸ½â€ğŸ¦°,neutral
ğŸ§‘ğŸ¾â€ğŸ¦°,neutral
ğŸ§‘ğŸ¿â€ğŸ¦°,neutral
ğŸ‘©â€ğŸ¦±,neutral
ğŸ‘©ğŸ»â€ğŸ¦±,neutral
ğŸ‘©ğŸ¼â€ğŸ¦±,neutral
ğŸ‘©ğŸ½â€ğŸ¦±,neutral
ğŸ‘©ğŸ¾â€ğŸ¦±,neutral
ğŸ‘©ğŸ¿â€ğŸ¦±,neutral
ğŸ§‘â€ğŸ¦±,neutral
ğŸ§‘ğŸ»â€ğŸ¦±,neutral
ğŸ§‘ğŸ¼â€ğŸ¦±,neutral
ğŸ§‘ğŸ½â€ğŸ¦±,neutral
ğŸ§‘ğŸ¾â€ğŸ¦±,neutral
ğŸ§‘ğŸ¿â€ğŸ¦±,neutral
ğŸ‘©â€ğŸ¦³,neutral
ğŸ‘©ğŸ»â€ğŸ¦³,neutral
ğŸ‘©ğŸ¼â€ğŸ¦³,neutral
ğŸ‘©ğŸ½â€ğŸ¦³,neutral
ğŸ‘©ğŸ¾â€ğŸ¦³,neutral
ğŸ‘©ğŸ¿â€ğŸ¦³,neutral
ğŸ§‘â€ğŸ¦³,neutral
ğŸ§‘ğŸ»â€ğŸ¦³,neutral
ğŸ§‘ğŸ¼â€ğŸ¦³,neutral
ğŸ§‘ğŸ½â€ğŸ¦³,neutral
ğŸ§‘ğŸ¾â€ğŸ¦³,neutral
ğŸ§‘ğŸ¿â€ğŸ¦³,neutral
ğŸ‘©â€ğŸ¦²,neutral
ğŸ‘©ğŸ»â€ğŸ¦²,neutral
ğŸ‘©ğŸ¼â€ğŸ¦²,neutral
ğŸ‘©ğŸ½â€ğŸ¦²,neutral
ğŸ‘©ğŸ¾â€ğŸ¦²,neutral
ğŸ‘©ğŸ¿â€ğŸ¦²,neutral
ğŸ§‘â€ğŸ¦²,neutral
ğŸ§‘ğŸ»â€ğŸ¦²,neutral
ğŸ§‘ğŸ¼â€ğŸ¦²,neutral
ğŸ§‘ğŸ½â€ğŸ¦²,neutral
ğŸ§‘ğŸ¾â€ğŸ¦²,neutral
ğŸ§‘ğŸ¿â€ğŸ¦²,neutral
ğŸ‘±â€â™€ï¸,neutral
ğŸ‘±â€â™€,neutral
ğŸ‘±ğŸ»â€â™€ï¸,neutral
ğŸ‘±ğŸ»â€â™€,neutral
ğŸ‘±ğŸ¼â€â™€ï¸,neutral
ğŸ‘±ğŸ¼â€â™€,neutral
ğŸ‘±ğŸ½â€â™€ï¸,neutral
ğŸ‘±ğŸ½â€â™€,neutral
ğŸ‘±ğŸ¾â€â™€ï¸,neutral
ğŸ‘±ğŸ¾â€â™€,neutral
ğŸ‘±ğŸ¿â€â™€ï¸,neutral
ğŸ‘±ğŸ¿â€â™€,neutral
ğŸ‘±â€â™‚ï¸,neutral
ğŸ‘±â€â™‚,neutral
ğŸ‘±ğŸ»â€â™‚ï¸,neutral
ğŸ‘±ğŸ»â€â™‚,neutral
ğŸ‘±ğŸ¼â€â™‚ï¸,neutral
ğŸ‘±ğŸ¼â€â™‚,neutral
ğŸ‘±ğŸ½â€â™‚ï¸,neutral
ğŸ‘±ğŸ½â€â™‚,neutral
ğŸ‘±ğŸ¾â€â™‚ï¸,neutral
ğŸ‘±ğŸ¾â€â™‚,neutral
ğŸ‘±ğŸ¿â€â™‚ï¸,neutral
ğŸ‘±ğŸ¿â€â™‚,neutral
ğŸ§“,neutral
ğŸ§“ğŸ»,neutral
ğŸ§“ğŸ¼,neutral
ğŸ§“ğŸ½,neutral
ğŸ§“ğŸ¾,neutral
ğŸ§“ğŸ¿,neutral
ğŸ‘´,neutral
ğŸ‘´ğŸ»,neutral
ğŸ‘´ğŸ¼,neutral
ğŸ‘´ğŸ½,neutral
ğŸ‘´ğŸ¾,neutral
ğŸ‘´ğŸ¿,neutral
ğŸ‘µ,neutral
ğŸ‘µğŸ»,neutral
ğŸ‘µğŸ¼,neutral
ğŸ‘µğŸ½,neutral
ğŸ‘µğŸ¾,neutral
ğŸ‘µğŸ¿,neutral
ğŸ™,neutral
ğŸ™ğŸ»,neutral
ğŸ™ğŸ¼,neutral
ğŸ™ğŸ½,neutral
ğŸ™ğŸ¾,neutral
ğŸ™ğŸ¿,neutral
ğŸ™â€â™‚ï¸,neutral
ğŸ™â€â™‚,neutral
ğŸ™ğŸ»â€â™‚ï¸,neutral
ğŸ™ğŸ»â€â™‚,neutral
ğŸ™ğŸ¼â€â™‚ï¸,neutral
ğŸ™ğŸ¼â€â™‚,neutral
ğŸ™ğŸ½â€â™‚ï¸,neutral
ğŸ™ğŸ½â€â™‚,neutral
ğŸ™ğŸ¾â€â™‚ï¸,neutral
ğŸ™ğŸ¾â€â™‚,neutral
ğŸ™ğŸ¿â€â™‚ï¸,neutral
ğŸ™ğŸ¿â€â™‚,neutral
ğŸ™â€â™€ï¸,neutral
ğŸ™â€â™€,neutral
ğŸ™ğŸ»â€â™€ï¸,neutral
ğŸ™ğŸ»â€â™€,neutral
ğŸ™ğŸ¼â€â™€ï¸,neutral
ğŸ™ğŸ¼â€â™€,neutral
ğŸ™ğŸ½â€â™€ï¸,neutral
ğŸ™ğŸ½â€â™€,neutral
ğŸ™ğŸ¾â€â™€ï¸,neutral
ğŸ™ğŸ¾â€â™€,neutral
ğŸ™ğŸ¿â€â™€ï¸,neutral
ğŸ™ğŸ¿â€â™€,neutral
ğŸ™,neutral
ğŸ™ğŸ»,neutral
ğŸ™ğŸ¼,neutral
ğŸ™ğŸ½,neutral
ğŸ™ğŸ¾,neutral
ğŸ™ğŸ¿,neutral
ğŸ™â€â™‚ï¸,neutral
ğŸ™â€â™‚,neutral
ğŸ™ğŸ»â€â™‚ï¸,neutral
ğŸ™ğŸ»â€â™‚,neutral
ğŸ™ğŸ¼â€â™‚ï¸,neutral
ğŸ™ğŸ¼â€â™‚,neutral
ğŸ™ğŸ½â€â™‚ï¸,neutral
ğŸ™ğŸ½â€â™‚,neutral
ğŸ™ğŸ¾â€â™‚ï¸,neutral
ğŸ™ğŸ¾â€â™‚,neutral
ğŸ™ğŸ¿â€â™‚ï¸,neutral
ğŸ™ğŸ¿â€â™‚,neutral
ğŸ™â€â™€ï¸,neutral
ğŸ™â€â™€,neutral
ğŸ™ğŸ»â€â™€ï¸,neutral
ğŸ™ğŸ»â€â™€,neutral
ğŸ™ğŸ¼â€â™€ï¸,neutral
ğŸ™ğŸ¼â€â™€,neutral
ğŸ™ğŸ½â€â™€ï¸,neutral
ğŸ™ğŸ½â€â™€,neutral
ğŸ™ğŸ¾â€â™€ï¸,neutral
ğŸ™ğŸ¾â€â™€,neutral
ğŸ™ğŸ¿â€â™€ï¸,neutral
ğŸ™ğŸ¿â€â™€,neutral
ğŸ™…,neutral
ğŸ™…ğŸ»,neutral
ğŸ™…ğŸ¼,neutral
ğŸ™…ğŸ½,neutral
ğŸ™…ğŸ¾,neutral
ğŸ™…ğŸ¿,neutral
ğŸ™…â€â™‚ï¸,neutral
ğŸ™…â€â™‚,neutral
ğŸ™…ğŸ»â€â™‚ï¸,neutral
ğŸ™…ğŸ»â€â™‚,neutral
ğŸ™…ğŸ¼â€â™‚ï¸,neutral
ğŸ™…ğŸ¼â€â™‚,neutral
ğŸ™…ğŸ½â€â™‚ï¸,neutral
ğŸ™…ğŸ½â€â™‚,neutral
ğŸ™…ğŸ¾â€â™‚ï¸,neutral
ğŸ™…ğŸ¾â€â™‚,neutral
ğŸ™…ğŸ¿â€â™‚ï¸,neutral
ğŸ™…ğŸ¿â€â™‚,neutral
ğŸ™…â€â™€ï¸,neutral
ğŸ™…â€â™€,neutral
ğŸ™…ğŸ»â€â™€ï¸,neutral
ğŸ™…ğŸ»â€â™€,neutral
ğŸ™…ğŸ¼â€â™€ï¸,neutral
ğŸ™…ğŸ¼â€â™€,neutral
ğŸ™…ğŸ½â€â™€ï¸,neutral
ğŸ™…ğŸ½â€â™€,neutral
ğŸ™…ğŸ¾â€â™€ï¸,neutral
ğŸ™…ğŸ¾â€â™€,neutral
ğŸ™…ğŸ¿â€â™€ï¸,neutral
ğŸ™…ğŸ¿â€â™€,neutral
ğŸ™†,neutral
ğŸ™†ğŸ»,neutral
ğŸ™†ğŸ¼,neutral
ğŸ™†ğŸ½,neutral
ğŸ™†ğŸ¾,neutral
ğŸ™†ğŸ¿,neutral
ğŸ™†â€â™‚ï¸,neutral
ğŸ™†â€â™‚,neutral
ğŸ™†ğŸ»â€â™‚ï¸,neutral
ğŸ™†ğŸ»â€â™‚,neutral
ğŸ™†ğŸ¼â€â™‚ï¸,neutral
ğŸ™†ğŸ¼â€â™‚,neutral
ğŸ™†ğŸ½â€â™‚ï¸,neutral
ğŸ™†ğŸ½â€â™‚,neutral
ğŸ™†ğŸ¾â€â™‚ï¸,neutral
ğŸ™†ğŸ¾â€â™‚,neutral
ğŸ™†ğŸ¿â€â™‚ï¸,neutral
ğŸ™†ğŸ¿â€â™‚,neutral
ğŸ™†â€â™€ï¸,neutral
ğŸ™†â€â™€,neutral
ğŸ™†ğŸ»â€â™€ï¸,neutral
ğŸ™†ğŸ»â€â™€,neutral
ğŸ™†ğŸ¼â€â™€ï¸,neutral
ğŸ™†ğŸ¼â€â™€,neutral
ğŸ™†ğŸ½â€â™€ï¸,neutral
ğŸ™†ğŸ½â€â™€,neutral
ğŸ™†ğŸ¾â€â™€ï¸,neutral
ğŸ™†ğŸ¾â€â™€,neutral
ğŸ™†ğŸ¿â€â™€ï¸,neutral
ğŸ™†ğŸ¿â€â™€,neutral
ğŸ’,neutral
ğŸ’ğŸ»,neutral
ğŸ’ğŸ¼,neutral
ğŸ’ğŸ½,neutral
ğŸ’ğŸ¾,neutral
ğŸ’ğŸ¿,neutral
ğŸ’â€â™‚ï¸,neutral
ğŸ’â€â™‚,neutral
ğŸ’ğŸ»â€â™‚ï¸,neutral
ğŸ’ğŸ»â€â™‚,neutral
ğŸ’ğŸ¼â€â™‚ï¸,neutral
ğŸ’ğŸ¼â€â™‚,neutral
ğŸ’ğŸ½â€â™‚ï¸,neutral
ğŸ’ğŸ½â€â™‚,neutral
ğŸ’ğŸ¾â€â™‚ï¸,neutral
ğŸ’ğŸ¾â€â™‚,neutral
ğŸ’ğŸ¿â€â™‚ï¸,neutral
ğŸ’ğŸ¿â€â™‚,neutral
ğŸ’â€â™€ï¸,neutral
ğŸ’â€â™€,neutral
ğŸ’ğŸ»â€â™€ï¸,neutral
ğŸ’ğŸ»â€â™€,neutral
ğŸ’ğŸ¼â€â™€ï¸,neutral
ğŸ’ğŸ¼â€â™€,neutral
ğŸ’ğŸ½â€â™€ï¸,neutral
ğŸ’ğŸ½â€â™€,neutral
ğŸ’ğŸ¾â€â™€ï¸,neutral
ğŸ’ğŸ¾â€â™€,neutral
ğŸ’ğŸ¿â€â™€ï¸,neutral
ğŸ’ğŸ¿â€â™€,neutral
ğŸ™‹,neutral
ğŸ™‹ğŸ»,neutral
ğŸ™‹ğŸ¼,neutral
ğŸ™‹ğŸ½,neutral
ğŸ™‹ğŸ¾,neutral
ğŸ™‹ğŸ¿,neutral
ğŸ™‹â€â™‚ï¸,neutral
ğŸ™‹â€â™‚,neutral
ğŸ™‹ğŸ»â€â™‚ï¸,neutral
ğŸ™‹ğŸ»â€â™‚,neutral
ğŸ™‹ğŸ¼â€â™‚ï¸,neutral
ğŸ™‹ğŸ¼â€â™‚,neutral
ğŸ™‹ğŸ½â€â™‚ï¸,neutral
ğŸ™‹ğŸ½â€â™‚,neutral
ğŸ™‹ğŸ¾â€â™‚ï¸,neutral
ğŸ™‹ğŸ¾â€â™‚,neutral
ğŸ™‹ğŸ¿â€â™‚ï¸,neutral
ğŸ™‹ğŸ¿â€â™‚,neutral
ğŸ™‹â€â™€ï¸,neutral
ğŸ™‹â€â™€,neutral
ğŸ™‹ğŸ»â€â™€ï¸,neutral
ğŸ™‹ğŸ»â€â™€,neutral
ğŸ™‹ğŸ¼â€â™€ï¸,neutral
ğŸ™‹ğŸ¼â€â™€,neutral
ğŸ™‹ğŸ½â€â™€ï¸,neutral
ğŸ™‹ğŸ½â€â™€,neutral
ğŸ™‹ğŸ¾â€â™€ï¸,neutral
ğŸ™‹ğŸ¾â€â™€,neutral
ğŸ™‹ğŸ¿â€â™€ï¸,neutral
ğŸ™‹ğŸ¿â€â™€,neutral
ğŸ§,neutral
ğŸ§ğŸ»,neutral
ğŸ§ğŸ¼,neutral
ğŸ§ğŸ½,neutral
ğŸ§ğŸ¾,neutral
ğŸ§ğŸ¿,neutral
ğŸ§â€â™‚ï¸,neutral
ğŸ§â€â™‚,neutral
ğŸ§ğŸ»â€â™‚ï¸,neutral
ğŸ§ğŸ»â€â™‚,neutral
ğŸ§ğŸ¼â€â™‚ï¸,neutral
ğŸ§ğŸ¼â€â™‚,neutral
ğŸ§ğŸ½â€â™‚ï¸,neutral
ğŸ§ğŸ½â€â™‚,neutral
ğŸ§ğŸ¾â€â™‚ï¸,neutral
ğŸ§ğŸ¾â€â™‚,neutral
ğŸ§ğŸ¿â€â™‚ï¸,neutral
ğŸ§ğŸ¿â€â™‚,neutral
ğŸ§â€â™€ï¸,neutral
ğŸ§â€â™€,neutral
ğŸ§ğŸ»â€â™€ï¸,neutral
ğŸ§ğŸ»â€â™€,neutral
ğŸ§ğŸ¼â€â™€ï¸,neutral
ğŸ§ğŸ¼â€â™€,neutral
ğŸ§ğŸ½â€â™€ï¸,neutral
ğŸ§ğŸ½â€â™€,neutral
ğŸ§ğŸ¾â€â™€ï¸,neutral
ğŸ§ğŸ¾â€â™€,neutral
ğŸ§ğŸ¿â€â™€ï¸,neutral
ğŸ§ğŸ¿â€â™€,neutral
ğŸ™‡,neutral
ğŸ™‡ğŸ»,neutral
ğŸ™‡ğŸ¼,neutral
ğŸ™‡ğŸ½,neutral
ğŸ™‡ğŸ¾,neutral
ğŸ™‡ğŸ¿,neutral
ğŸ™‡â€â™‚ï¸,neutral
ğŸ™‡â€â™‚,neutral
ğŸ™‡ğŸ»â€â™‚ï¸,neutral
ğŸ™‡ğŸ»â€â™‚,neutral
ğŸ™‡ğŸ¼â€â™‚ï¸,neutral
ğŸ™‡ğŸ¼â€â™‚,neutral
ğŸ™‡ğŸ½â€â™‚ï¸,neutral
ğŸ™‡ğŸ½â€â™‚,neutral
ğŸ™‡ğŸ¾â€â™‚ï¸,neutral
ğŸ™‡ğŸ¾â€â™‚,neutral
ğŸ™‡ğŸ¿â€â™‚ï¸,neutral
ğŸ™‡ğŸ¿â€â™‚,neutral
ğŸ™‡â€â™€ï¸,neutral
ğŸ™‡â€â™€,neutral
ğŸ™‡ğŸ»â€â™€ï¸,neutral
ğŸ™‡ğŸ»â€â™€,neutral
ğŸ™‡ğŸ¼â€â™€ï¸,neutral
ğŸ™‡ğŸ¼â€â™€,neutral
ğŸ™‡ğŸ½â€â™€ï¸,neutral
ğŸ™‡ğŸ½â€â™€,neutral
ğŸ™‡ğŸ¾â€â™€ï¸,neutral
ğŸ™‡ğŸ¾â€â™€,neutral
ğŸ™‡ğŸ¿â€â™€ï¸,neutral
ğŸ™‡ğŸ¿â€â™€,neutral
ğŸ¤¦,neutral
ğŸ¤¦ğŸ»,neutral
ğŸ¤¦ğŸ¼,neutral
ğŸ¤¦ğŸ½,neutral
ğŸ¤¦ğŸ¾,neutral
ğŸ¤¦ğŸ¿,neutral
ğŸ¤¦â€â™‚ï¸,neutral
ğŸ¤¦â€â™‚,neutral
ğŸ¤¦ğŸ»â€â™‚ï¸,neutral
ğŸ¤¦ğŸ»â€â™‚,neutral
ğŸ¤¦ğŸ¼â€â™‚ï¸,neutral
ğŸ¤¦ğŸ¼â€â™‚,neutral
ğŸ¤¦ğŸ½â€â™‚ï¸,neutral
ğŸ¤¦ğŸ½â€â™‚,neutral
ğŸ¤¦ğŸ¾â€â™‚ï¸,neutral
ğŸ¤¦ğŸ¾â€â™‚,neutral
ğŸ¤¦ğŸ¿â€â™‚ï¸,neutral
ğŸ¤¦ğŸ¿â€â™‚,neutral
ğŸ¤¦â€â™€ï¸,neutral
ğŸ¤¦â€â™€,neutral
ğŸ¤¦ğŸ»â€â™€ï¸,neutral
ğŸ¤¦ğŸ»â€â™€,neutral
ğŸ¤¦ğŸ¼â€â™€ï¸,neutral
ğŸ¤¦ğŸ¼â€â™€,neutral
ğŸ¤¦ğŸ½â€â™€ï¸,neutral
ğŸ¤¦ğŸ½â€â™€,neutral
ğŸ¤¦ğŸ¾â€â™€ï¸,neutral
ğŸ¤¦ğŸ¾â€â™€,neutral
ğŸ¤¦ğŸ¿â€â™€ï¸,neutral
ğŸ¤¦ğŸ¿â€â™€,neutral
ğŸ¤·,neutral
ğŸ¤·ğŸ»,neutral
ğŸ¤·ğŸ¼,neutral
ğŸ¤·ğŸ½,neutral
ğŸ¤·ğŸ¾,neutral
ğŸ¤·ğŸ¿,neutral
ğŸ¤·â€â™‚ï¸,neutral
ğŸ¤·â€â™‚,neutral
ğŸ¤·ğŸ»â€â™‚ï¸,neutral
ğŸ¤·ğŸ»â€â™‚,neutral
ğŸ¤·ğŸ¼â€â™‚ï¸,neutral
ğŸ¤·ğŸ¼â€â™‚,neutral
ğŸ¤·ğŸ½â€â™‚ï¸,neutral
ğŸ¤·ğŸ½â€â™‚,neutral
ğŸ¤·ğŸ¾â€â™‚ï¸,neutral
ğŸ¤·ğŸ¾â€â™‚,neutral
ğŸ¤·ğŸ¿â€â™‚ï¸,neutral
ğŸ¤·ğŸ¿â€â™‚,neutral
ğŸ¤·â€â™€ï¸,neutral
ğŸ¤·â€â™€,neutral
ğŸ¤·ğŸ»â€â™€ï¸,neutral
ğŸ¤·ğŸ»â€â™€,neutral
ğŸ¤·ğŸ¼â€â™€ï¸,neutral
ğŸ¤·ğŸ¼â€â™€,neutral
ğŸ¤·ğŸ½â€â™€ï¸,neutral
ğŸ¤·ğŸ½â€â™€,neutral
ğŸ¤·ğŸ¾â€â™€ï¸,neutral
ğŸ¤·ğŸ¾â€â™€,neutral
ğŸ¤·ğŸ¿â€â™€ï¸,neutral
ğŸ¤·ğŸ¿â€â™€,neutral
ğŸ§‘â€âš•ï¸,neutral
ğŸ§‘â€âš•,neutral
ğŸ§‘ğŸ»â€âš•ï¸,neutral
ğŸ§‘ğŸ»â€âš•,neutral
ğŸ§‘ğŸ¼â€âš•ï¸,neutral
ğŸ§‘ğŸ¼â€âš•,neutral
ğŸ§‘ğŸ½â€âš•ï¸,neutral
ğŸ§‘ğŸ½â€âš•,neutral
ğŸ§‘ğŸ¾â€âš•ï¸,neutral
ğŸ§‘ğŸ¾â€âš•,neutral
ğŸ§‘ğŸ¿â€âš•ï¸,neutral
ğŸ§‘ğŸ¿â€âš•,neutral
ğŸ‘¨â€âš•ï¸,neutral
ğŸ‘¨â€âš•,neutral
ğŸ‘¨ğŸ»â€âš•ï¸,neutral
ğŸ‘¨ğŸ»â€âš•,neutral
ğŸ‘¨ğŸ¼â€âš•ï¸,neutral
ğŸ‘¨ğŸ¼â€âš•,neutral
ğŸ‘¨ğŸ½â€âš•ï¸,neutral
ğŸ‘¨ğŸ½â€âš•,neutral
ğŸ‘¨ğŸ¾â€âš•ï¸,neutral
ğŸ‘¨ğŸ¾â€âš•,neutral
ğŸ‘¨ğŸ¿â€âš•ï¸,neutral
ğŸ‘¨ğŸ¿â€âš•,neutral
ğŸ‘©â€âš•ï¸,neutral
ğŸ‘©â€âš•,neutral
ğŸ‘©ğŸ»â€âš•ï¸,neutral
ğŸ‘©ğŸ»â€âš•,neutral
ğŸ‘©ğŸ¼â€âš•ï¸,neutral
ğŸ‘©ğŸ¼â€âš•,neutral
ğŸ‘©ğŸ½â€âš•ï¸,neutral
ğŸ‘©ğŸ½â€âš•,neutral
ğŸ‘©ğŸ¾â€âš•ï¸,neutral
ğŸ‘©ğŸ¾â€âš•,neutral
ğŸ‘©ğŸ¿â€âš•ï¸,neutral
ğŸ‘©ğŸ¿â€âš•,neutral
ğŸ§‘â€ğŸ“,neutral
ğŸ§‘ğŸ»â€ğŸ“,neutral
ğŸ§‘ğŸ¼â€ğŸ“,neutral
ğŸ§‘ğŸ½â€ğŸ“,neutral
ğŸ§‘ğŸ¾â€ğŸ“,neutral
ğŸ§‘ğŸ¿â€ğŸ“,neutral
ğŸ‘¨â€ğŸ“,neutral
ğŸ‘¨ğŸ»â€ğŸ“,neutral
ğŸ‘¨ğŸ¼â€ğŸ“,neutral
ğŸ‘¨ğŸ½â€ğŸ“,neutral
ğŸ‘¨ğŸ¾â€ğŸ“,neutral
ğŸ‘¨ğŸ¿â€ğŸ“,neutral
ğŸ‘©â€ğŸ“,neutral
ğŸ‘©ğŸ»â€ğŸ“,neutral
ğŸ‘©ğŸ¼â€ğŸ“,neutral
ğŸ‘©ğŸ½â€ğŸ“,neutral
ğŸ‘©ğŸ¾â€ğŸ“,neutral
ğŸ‘©ğŸ¿â€ğŸ“,neutral
ğŸ§‘â€ğŸ«,neutral
ğŸ§‘ğŸ»â€ğŸ«,neutral
ğŸ§‘ğŸ¼â€ğŸ«,neutral
ğŸ§‘ğŸ½â€ğŸ«,neutral
ğŸ§‘ğŸ¾â€ğŸ«,neutral
ğŸ§‘ğŸ¿â€ğŸ«,neutral
ğŸ‘¨â€ğŸ«,neutral
ğŸ‘¨ğŸ»â€ğŸ«,neutral
ğŸ‘¨ğŸ¼â€ğŸ«,neutral
ğŸ‘¨ğŸ½â€ğŸ«,neutral
ğŸ‘¨ğŸ¾â€ğŸ«,neutral
ğŸ‘¨ğŸ¿â€ğŸ«,neutral
ğŸ‘©â€ğŸ«,neutral
ğŸ‘©ğŸ»â€ğŸ«,neutral
ğŸ‘©ğŸ¼â€ğŸ«,neutral
ğŸ‘©ğŸ½â€ğŸ«,neutral
ğŸ‘©ğŸ¾â€ğŸ«,neutral
ğŸ‘©ğŸ¿â€ğŸ«,neutral
ğŸ§‘â€âš–ï¸,neutral
ğŸ§‘â€âš–,neutral
ğŸ§‘ğŸ»â€âš–ï¸,neutral
ğŸ§‘ğŸ»â€âš–,neutral
ğŸ§‘ğŸ¼â€âš–ï¸,neutral
ğŸ§‘ğŸ¼â€âš–,neutral
ğŸ§‘ğŸ½â€âš–ï¸,neutral
ğŸ§‘ğŸ½â€âš–,neutral
ğŸ§‘ğŸ¾â€âš–ï¸,neutral
ğŸ§‘ğŸ¾â€âš–,neutral
ğŸ§‘ğŸ¿â€âš–ï¸,neutral
ğŸ§‘ğŸ¿â€âš–,neutral
ğŸ‘¨â€âš–ï¸,neutral
ğŸ‘¨â€âš–,neutral
ğŸ‘¨ğŸ»â€âš–ï¸,neutral
ğŸ‘¨ğŸ»â€âš–,neutral
ğŸ‘¨ğŸ¼â€âš–ï¸,neutral
ğŸ‘¨ğŸ¼â€âš–,neutral
ğŸ‘¨ğŸ½â€âš–ï¸,neutral
ğŸ‘¨ğŸ½â€âš–,neutral
ğŸ‘¨ğŸ¾â€âš–ï¸,neutral
ğŸ‘¨ğŸ¾â€âš–,neutral
ğŸ‘¨ğŸ¿â€âš–ï¸,neutral
ğŸ‘¨ğŸ¿â€âš–,neutral
ğŸ‘©â€âš–ï¸,neutral
ğŸ‘©â€âš–,neutral
ğŸ‘©ğŸ»â€âš–ï¸,neutral
ğŸ‘©ğŸ»â€âš–,neutral
ğŸ‘©ğŸ¼â€âš–ï¸,neutral
ğŸ‘©ğŸ¼â€âš–,neutral
ğŸ‘©ğŸ½â€âš–ï¸,neutral
ğŸ‘©ğŸ½â€âš–,neutral
ğŸ‘©ğŸ¾â€âš–ï¸,neutral
ğŸ‘©ğŸ¾â€âš–,neutral
ğŸ‘©ğŸ¿â€âš–ï¸,neutral
ğŸ‘©ğŸ¿â€âš–,neutral
ğŸ§‘â€ğŸŒ¾,neutral
ğŸ§‘ğŸ»â€ğŸŒ¾,neutral
ğŸ§‘ğŸ¼â€ğŸŒ¾,neutral
ğŸ§‘ğŸ½â€ğŸŒ¾,neutral
ğŸ§‘ğŸ¾â€ğŸŒ¾,neutral
ğŸ§‘ğŸ¿â€ğŸŒ¾,neutral
ğŸ‘¨â€ğŸŒ¾,neutral
ğŸ‘¨ğŸ»â€ğŸŒ¾,neutral
ğŸ‘¨ğŸ¼â€ğŸŒ¾,neutral
ğŸ‘¨ğŸ½â€ğŸŒ¾,neutral
ğŸ‘¨ğŸ¾â€ğŸŒ¾,neutral
ğŸ‘¨ğŸ¿â€ğŸŒ¾,neutral
ğŸ‘©â€ğŸŒ¾,neutral
ğŸ‘©ğŸ»â€ğŸŒ¾,neutral
ğŸ‘©ğŸ¼â€ğŸŒ¾,neutral
ğŸ‘©ğŸ½â€ğŸŒ¾,neutral
ğŸ‘©ğŸ¾â€ğŸŒ¾,neutral
ğŸ‘©ğŸ¿â€ğŸŒ¾,neutral
ğŸ§‘â€ğŸ³,neutral
ğŸ§‘ğŸ»â€ğŸ³,neutral
ğŸ§‘ğŸ¼â€ğŸ³,neutral
ğŸ§‘ğŸ½â€ğŸ³,neutral
ğŸ§‘ğŸ¾â€ğŸ³,neutral
ğŸ§‘ğŸ¿â€ğŸ³,neutral
ğŸ‘¨â€ğŸ³,neutral
ğŸ‘¨ğŸ»â€ğŸ³,neutral
ğŸ‘¨ğŸ¼â€ğŸ³,neutral
ğŸ‘¨ğŸ½â€ğŸ³,neutral
ğŸ‘¨ğŸ¾â€ğŸ³,neutral
ğŸ‘¨ğŸ¿â€ğŸ³,neutral
ğŸ‘©â€ğŸ³,neutral
ğŸ‘©ğŸ»â€ğŸ³,neutral
ğŸ‘©ğŸ¼â€ğŸ³,neutral
ğŸ‘©ğŸ½â€ğŸ³,neutral
ğŸ‘©ğŸ¾â€ğŸ³,neutral
ğŸ‘©ğŸ¿â€ğŸ³,neutral
ğŸ§‘â€ğŸ”§,neutral
ğŸ§‘ğŸ»â€ğŸ”§,neutral
ğŸ§‘ğŸ¼â€ğŸ”§,neutral
ğŸ§‘ğŸ½â€ğŸ”§,neutral
ğŸ§‘ğŸ¾â€ğŸ”§,neutral
ğŸ§‘ğŸ¿â€ğŸ”§,neutral
ğŸ‘¨â€ğŸ”§,neutral
ğŸ‘¨ğŸ»â€ğŸ”§,neutral
ğŸ‘¨ğŸ¼â€ğŸ”§,neutral
ğŸ‘¨ğŸ½â€ğŸ”§,neutral
ğŸ‘¨ğŸ¾â€ğŸ”§,neutral
ğŸ‘¨ğŸ¿â€ğŸ”§,neutral
ğŸ‘©â€ğŸ”§,neutral
ğŸ‘©ğŸ»â€ğŸ”§,neutral
ğŸ‘©ğŸ¼â€ğŸ”§,neutral
ğŸ‘©ğŸ½â€ğŸ”§,neutral
ğŸ‘©ğŸ¾â€ğŸ”§,neutral
ğŸ‘©ğŸ¿â€ğŸ”§,neutral
ğŸ§‘â€ğŸ­,neutral
ğŸ§‘ğŸ»â€ğŸ­,neutral
ğŸ§‘ğŸ¼â€ğŸ­,neutral
ğŸ§‘ğŸ½â€ğŸ­,neutral
ğŸ§‘ğŸ¾â€ğŸ­,neutral
ğŸ§‘ğŸ¿â€ğŸ­,neutral
ğŸ‘¨â€ğŸ­,neutral
ğŸ‘¨ğŸ»â€ğŸ­,neutral
ğŸ‘¨ğŸ¼â€ğŸ­,neutral
ğŸ‘¨ğŸ½â€ğŸ­,neutral
ğŸ‘¨ğŸ¾â€ğŸ­,neutral
ğŸ‘¨ğŸ¿â€ğŸ­,neutral
ğŸ‘©â€ğŸ­,neutral
ğŸ‘©ğŸ»â€ğŸ­,neutral
ğŸ‘©ğŸ¼â€ğŸ­,neutral
ğŸ‘©ğŸ½â€ğŸ­,neutral
ğŸ‘©ğŸ¾â€ğŸ­,neutral
ğŸ‘©ğŸ¿â€ğŸ­,neutral
ğŸ§‘â€ğŸ’¼,neutral
ğŸ§‘ğŸ»â€ğŸ’¼,neutral
ğŸ§‘ğŸ¼â€ğŸ’¼,neutral
ğŸ§‘ğŸ½â€ğŸ’¼,neutral
ğŸ§‘ğŸ¾â€ğŸ’¼,neutral
ğŸ§‘ğŸ¿â€ğŸ’¼,neutral
ğŸ‘¨â€ğŸ’¼,neutral
ğŸ‘¨ğŸ»â€ğŸ’¼,neutral
ğŸ‘¨ğŸ¼â€ğŸ’¼,neutral
ğŸ‘¨ğŸ½â€ğŸ’¼,neutral
ğŸ‘¨ğŸ¾â€ğŸ’¼,neutral
ğŸ‘¨ğŸ¿â€ğŸ’¼,neutral
ğŸ‘©â€ğŸ’¼,neutral
ğŸ‘©ğŸ»â€ğŸ’¼,neutral
ğŸ‘©ğŸ¼â€ğŸ’¼,neutral
ğŸ‘©ğŸ½â€ğŸ’¼,neutral
ğŸ‘©ğŸ¾â€ğŸ’¼,neutral
ğŸ‘©ğŸ¿â€ğŸ’¼,neutral
ğŸ§‘â€ğŸ”¬,neutral
ğŸ§‘ğŸ»â€ğŸ”¬,neutral
ğŸ§‘ğŸ¼â€ğŸ”¬,neutral
ğŸ§‘ğŸ½â€ğŸ”¬,neutral
ğŸ§‘ğŸ¾â€ğŸ”¬,neutral
ğŸ§‘ğŸ¿â€ğŸ”¬,neutral
ğŸ‘¨â€ğŸ”¬,neutral
ğŸ‘¨ğŸ»â€ğŸ”¬,neutral
ğŸ‘¨ğŸ¼â€ğŸ”¬,neutral
ğŸ‘¨ğŸ½â€ğŸ”¬,neutral
ğŸ‘¨ğŸ¾â€ğŸ”¬,neutral
ğŸ‘¨ğŸ¿â€ğŸ”¬,neutral
ğŸ‘©â€ğŸ”¬,neutral
ğŸ‘©ğŸ»â€ğŸ”¬,neutral
ğŸ‘©ğŸ¼â€ğŸ”¬,neutral
ğŸ‘©ğŸ½â€ğŸ”¬,neutral
ğŸ‘©ğŸ¾â€ğŸ”¬,neutral
ğŸ‘©ğŸ¿â€ğŸ”¬,neutral
ğŸ§‘â€ğŸ’»,neutral
ğŸ§‘ğŸ»â€ğŸ’»,neutral
ğŸ§‘ğŸ¼â€ğŸ’»,neutral
ğŸ§‘ğŸ½â€ğŸ’»,neutral
ğŸ§‘ğŸ¾â€ğŸ’»,neutral
ğŸ§‘ğŸ¿â€ğŸ’»,neutral
ğŸ‘¨â€ğŸ’»,neutral
ğŸ‘¨ğŸ»â€ğŸ’»,neutral
ğŸ‘¨ğŸ¼â€ğŸ’»,neutral
ğŸ‘¨ğŸ½â€ğŸ’»,neutral
ğŸ‘¨ğŸ¾â€ğŸ’»,neutral
ğŸ‘¨ğŸ¿â€ğŸ’»,neutral
ğŸ‘©â€ğŸ’»,neutral
ğŸ‘©ğŸ»â€ğŸ’»,neutral
ğŸ‘©ğŸ¼â€ğŸ’»,neutral
ğŸ‘©ğŸ½â€ğŸ’»,neutral
ğŸ‘©ğŸ¾â€ğŸ’»,neutral
ğŸ‘©ğŸ¿â€ğŸ’»,neutral
ğŸ§‘â€ğŸ¤,neutral
ğŸ§‘ğŸ»â€ğŸ¤,neutral
ğŸ§‘ğŸ¼â€ğŸ¤,neutral
ğŸ§‘ğŸ½â€ğŸ¤,neutral
ğŸ§‘ğŸ¾â€ğŸ¤,neutral
ğŸ§‘ğŸ¿â€ğŸ¤,neutral
ğŸ‘¨â€ğŸ¤,neutral
ğŸ‘¨ğŸ»â€ğŸ¤,neutral
ğŸ‘¨ğŸ¼â€ğŸ¤,neutral
ğŸ‘¨ğŸ½â€ğŸ¤,neutral
ğŸ‘¨ğŸ¾â€ğŸ¤,neutral
ğŸ‘¨ğŸ¿â€ğŸ¤,neutral
ğŸ‘©â€ğŸ¤,neutral
ğŸ‘©ğŸ»â€ğŸ¤,neutral
ğŸ‘©ğŸ¼â€ğŸ¤,neutral
ğŸ‘©ğŸ½â€ğŸ¤,neutral
ğŸ‘©ğŸ¾â€ğŸ¤,neutral
ğŸ‘©ğŸ¿â€ğŸ¤,neutral
ğŸ§‘â€ğŸ¨,neutral
ğŸ§‘ğŸ»â€ğŸ¨,neutral
ğŸ§‘ğŸ¼â€ğŸ¨,neutral
ğŸ§‘ğŸ½â€ğŸ¨,neutral
ğŸ§‘ğŸ¾â€ğŸ¨,neutral
ğŸ§‘ğŸ¿â€ğŸ¨,neutral
ğŸ‘¨â€ğŸ¨,neutral
ğŸ‘¨ğŸ»â€ğŸ¨,neutral
ğŸ‘¨ğŸ¼â€ğŸ¨,neutral
ğŸ‘¨ğŸ½â€ğŸ¨,neutral
ğŸ‘¨ğŸ¾â€ğŸ¨,neutral
ğŸ‘¨ğŸ¿â€ğŸ¨,neutral
ğŸ‘©â€ğŸ¨,neutral
ğŸ‘©ğŸ»â€ğŸ¨,neutral
ğŸ‘©ğŸ¼â€ğŸ¨,neutral
ğŸ‘©ğŸ½â€ğŸ¨,neutral
ğŸ‘©ğŸ¾â€ğŸ¨,neutral
ğŸ‘©ğŸ¿â€ğŸ¨,neutral
ğŸ§‘â€âœˆï¸,neutral
ğŸ§‘â€âœˆ,neutral
ğŸ§‘ğŸ»â€âœˆï¸,neutral
ğŸ§‘ğŸ»â€âœˆ,neutral
ğŸ§‘ğŸ¼â€âœˆï¸,neutral
ğŸ§‘ğŸ¼â€âœˆ,neutral
ğŸ§‘ğŸ½â€âœˆï¸,neutral
ğŸ§‘ğŸ½â€âœˆ,neutral
ğŸ§‘ğŸ¾â€âœˆï¸,neutral
ğŸ§‘ğŸ¾â€âœˆ,neutral
ğŸ§‘ğŸ¿â€âœˆï¸,neutral
ğŸ§‘ğŸ¿â€âœˆ,neutral
ğŸ‘¨â€âœˆï¸,neutral
ğŸ‘¨â€âœˆ,neutral
ğŸ‘¨ğŸ»â€âœˆï¸,neutral
ğŸ‘¨ğŸ»â€âœˆ,neutral
ğŸ‘¨ğŸ¼â€âœˆï¸,neutral
ğŸ‘¨ğŸ¼â€âœˆ,neutral
ğŸ‘¨ğŸ½â€âœˆï¸,neutral
ğŸ‘¨ğŸ½â€âœˆ,neutral
ğŸ‘¨ğŸ¾â€âœˆï¸,neutral
ğŸ‘¨ğŸ¾â€âœˆ,neutral
ğŸ‘¨ğŸ¿â€âœˆï¸,neutral
ğŸ‘¨ğŸ¿â€âœˆ,neutral
ğŸ‘©â€âœˆï¸,neutral
ğŸ‘©â€âœˆ,neutral
ğŸ‘©ğŸ»â€âœˆï¸,neutral
ğŸ‘©ğŸ»â€âœˆ,neutral
ğŸ‘©ğŸ¼â€âœˆï¸,neutral
ğŸ‘©ğŸ¼â€âœˆ,neutral
ğŸ‘©ğŸ½â€âœˆï¸,neutral
ğŸ‘©ğŸ½â€âœˆ,neutral
ğŸ‘©ğŸ¾â€âœˆï¸,neutral
ğŸ‘©ğŸ¾â€âœˆ,neutral
ğŸ‘©ğŸ¿â€âœˆï¸,neutral
ğŸ‘©ğŸ¿â€âœˆ,neutral
ğŸ§‘â€ğŸš€,neutral
ğŸ§‘ğŸ»â€ğŸš€,neutral
ğŸ§‘ğŸ¼â€ğŸš€,neutral
ğŸ§‘ğŸ½â€ğŸš€,neutral
ğŸ§‘ğŸ¾â€ğŸš€,neutral
ğŸ§‘ğŸ¿â€ğŸš€,neutral
ğŸ‘¨â€ğŸš€,neutral
ğŸ‘¨ğŸ»â€ğŸš€,neutral
ğŸ‘¨ğŸ¼â€ğŸš€,neutral
ğŸ‘¨ğŸ½â€ğŸš€,neutral
ğŸ‘¨ğŸ¾â€ğŸš€,neutral
ğŸ‘¨ğŸ¿â€ğŸš€,neutral
ğŸ‘©â€ğŸš€,neutral
ğŸ‘©ğŸ»â€ğŸš€,neutral
ğŸ‘©ğŸ¼â€ğŸš€,neutral
ğŸ‘©ğŸ½â€ğŸš€,neutral
ğŸ‘©ğŸ¾â€ğŸš€,neutral
ğŸ‘©ğŸ¿â€ğŸš€,neutral
ğŸ§‘â€ğŸš’,neutral
ğŸ§‘ğŸ»â€ğŸš’,neutral
ğŸ§‘ğŸ¼â€ğŸš’,neutral
ğŸ§‘ğŸ½â€ğŸš’,neutral
ğŸ§‘ğŸ¾â€ğŸš’,neutral
ğŸ§‘ğŸ¿â€ğŸš’,neutral
ğŸ‘¨â€ğŸš’,neutral
ğŸ‘¨ğŸ»â€ğŸš’,neutral
ğŸ‘¨ğŸ¼â€ğŸš’,neutral
ğŸ‘¨ğŸ½â€ğŸš’,neutral
ğŸ‘¨ğŸ¾â€ğŸš’,neutral
ğŸ‘¨ğŸ¿â€ğŸš’,neutral
ğŸ‘©â€ğŸš’,neutral
ğŸ‘©ğŸ»â€ğŸš’,neutral
ğŸ‘©ğŸ¼â€ğŸš’,neutral
ğŸ‘©ğŸ½â€ğŸš’,neutral
ğŸ‘©ğŸ¾â€ğŸš’,neutral
ğŸ‘©ğŸ¿â€ğŸš’,neutral
ğŸ‘®,neutral
ğŸ‘®ğŸ»,neutral
ğŸ‘®ğŸ¼,neutral
ğŸ‘®ğŸ½,neutral
ğŸ‘®ğŸ¾,neutral
ğŸ‘®ğŸ¿,neutral
ğŸ‘®â€â™‚ï¸,neutral
ğŸ‘®â€â™‚,neutral
ğŸ‘®ğŸ»â€â™‚ï¸,neutral
ğŸ‘®ğŸ»â€â™‚,neutral
ğŸ‘®ğŸ¼â€â™‚ï¸,neutral
ğŸ‘®ğŸ¼â€â™‚,neutral
ğŸ‘®ğŸ½â€â™‚ï¸,neutral
ğŸ‘®ğŸ½â€â™‚,neutral
ğŸ‘®ğŸ¾â€â™‚ï¸,neutral
ğŸ‘®ğŸ¾â€â™‚,neutral
ğŸ‘®ğŸ¿â€â™‚ï¸,neutral
ğŸ‘®ğŸ¿â€â™‚,neutral
ğŸ‘®â€â™€ï¸,neutral
ğŸ‘®â€â™€,neutral
ğŸ‘®ğŸ»â€â™€ï¸,neutral
ğŸ‘®ğŸ»â€â™€,neutral
ğŸ‘®ğŸ¼â€â™€ï¸,neutral
ğŸ‘®ğŸ¼â€â™€,neutral
ğŸ‘®ğŸ½â€â™€ï¸,neutral
ğŸ‘®ğŸ½â€â™€,neutral
ğŸ‘®ğŸ¾â€â™€ï¸,neutral
ğŸ‘®ğŸ¾â€â™€,neutral
ğŸ‘®ğŸ¿â€â™€ï¸,neutral
ğŸ‘®ğŸ¿â€â™€,neutral
ğŸ•µï¸,neutral
ğŸ•µ,neutral
ğŸ•µğŸ»,neutral
ğŸ•µğŸ¼,neutral
ğŸ•µğŸ½,neutral
ğŸ•µğŸ¾,neutral
ğŸ•µğŸ¿,neutral
ğŸ•µï¸â€â™‚ï¸,neutral
ğŸ•µâ€â™‚ï¸,neutral
ğŸ•µï¸â€â™‚,neutral
ğŸ•µâ€â™‚,neutral
ğŸ•µğŸ»â€â™‚ï¸,neutral
ğŸ•µğŸ»â€â™‚,neutral
ğŸ•µğŸ¼â€â™‚ï¸,neutral
ğŸ•µğŸ¼â€â™‚,neutral
ğŸ•µğŸ½â€â™‚ï¸,neutral
ğŸ•µğŸ½â€â™‚,neutral
ğŸ•µğŸ¾â€â™‚ï¸,neutral
ğŸ•µğŸ¾â€â™‚,neutral
ğŸ•µğŸ¿â€â™‚ï¸,neutral
ğŸ•µğŸ¿â€â™‚,neutral
ğŸ•µï¸â€â™€ï¸,neutral
ğŸ•µâ€â™€ï¸,neutral
ğŸ•µï¸â€â™€,neutral
ğŸ•µâ€â™€,neutral
ğŸ•µğŸ»â€â™€ï¸,neutral
ğŸ•µğŸ»â€â™€,neutral
ğŸ•µğŸ¼â€â™€ï¸,neutral
ğŸ•µğŸ¼â€â™€,neutral
ğŸ•µğŸ½â€â™€ï¸,neutral
ğŸ•µğŸ½â€â™€,neutral
ğŸ•µğŸ¾â€â™€ï¸,neutral
ğŸ•µğŸ¾â€â™€,neutral
ğŸ•µğŸ¿â€â™€ï¸,neutral
ğŸ•µğŸ¿â€â™€,neutral
ğŸ’‚,neutral
ğŸ’‚ğŸ»,neutral
ğŸ’‚ğŸ¼,neutral
ğŸ’‚ğŸ½,neutral
ğŸ’‚ğŸ¾,neutral
ğŸ’‚ğŸ¿,neutral
ğŸ’‚â€â™‚ï¸,neutral
ğŸ’‚â€â™‚,neutral
ğŸ’‚ğŸ»â€â™‚ï¸,neutral
ğŸ’‚ğŸ»â€â™‚,neutral
ğŸ’‚ğŸ¼â€â™‚ï¸,neutral
ğŸ’‚ğŸ¼â€â™‚,neutral
ğŸ’‚ğŸ½â€â™‚ï¸,neutral
ğŸ’‚ğŸ½â€â™‚,neutral
ğŸ’‚ğŸ¾â€â™‚ï¸,neutral
ğŸ’‚ğŸ¾â€â™‚,neutral
ğŸ’‚ğŸ¿â€â™‚ï¸,neutral
ğŸ’‚ğŸ¿â€â™‚,neutral
ğŸ’‚â€â™€ï¸,neutral
ğŸ’‚â€â™€,neutral
ğŸ’‚ğŸ»â€â™€ï¸,neutral
ğŸ’‚ğŸ»â€â™€,neutral
ğŸ’‚ğŸ¼â€â™€ï¸,neutral
ğŸ’‚ğŸ¼â€â™€,neutral
ğŸ’‚ğŸ½â€â™€ï¸,neutral
ğŸ’‚ğŸ½â€â™€,neutral
ğŸ’‚ğŸ¾â€â™€ï¸,neutral
ğŸ’‚ğŸ¾â€â™€,neutral
ğŸ’‚ğŸ¿â€â™€ï¸,neutral
ğŸ’‚ğŸ¿â€â™€,neutral
ğŸ¥·,neutral
ğŸ¥·ğŸ»,neutral
ğŸ¥·ğŸ¼,neutral
ğŸ¥·ğŸ½,neutral
ğŸ¥·ğŸ¾,neutral
ğŸ¥·ğŸ¿,neutral
ğŸ‘·,neutral
ğŸ‘·ğŸ»,neutral
ğŸ‘·ğŸ¼,neutral
ğŸ‘·ğŸ½,neutral
ğŸ‘·ğŸ¾,neutral
ğŸ‘·ğŸ¿,neutral
ğŸ‘·â€â™‚ï¸,neutral
ğŸ‘·â€â™‚,neutral
ğŸ‘·ğŸ»â€â™‚ï¸,neutral
ğŸ‘·ğŸ»â€â™‚,neutral
ğŸ‘·ğŸ¼â€â™‚ï¸,neutral
ğŸ‘·ğŸ¼â€â™‚,neutral
ğŸ‘·ğŸ½â€â™‚ï¸,neutral
ğŸ‘·ğŸ½â€â™‚,neutral
ğŸ‘·ğŸ¾â€â™‚ï¸,neutral
ğŸ‘·ğŸ¾â€â™‚,neutral
ğŸ‘·ğŸ¿â€â™‚ï¸,neutral
ğŸ‘·ğŸ¿â€â™‚,neutral
ğŸ‘·â€â™€ï¸,neutral
ğŸ‘·â€â™€,neutral
ğŸ‘·ğŸ»â€â™€ï¸,neutral
ğŸ‘·ğŸ»â€â™€,neutral
ğŸ‘·ğŸ¼â€â™€ï¸,neutral
ğŸ‘·ğŸ¼â€â™€,neutral
ğŸ‘·ğŸ½â€â™€ï¸,neutral
ğŸ‘·ğŸ½â€â™€,neutral
ğŸ‘·ğŸ¾â€â™€ï¸,neutral
ğŸ‘·ğŸ¾â€â™€,neutral
ğŸ‘·ğŸ¿â€â™€ï¸,neutral
ğŸ‘·ğŸ¿â€â™€,neutral
ğŸ¤´,neutral
ğŸ¤´ğŸ»,neutral
ğŸ¤´ğŸ¼,neutral
ğŸ¤´ğŸ½,neutral
ğŸ¤´ğŸ¾,neutral
ğŸ¤´ğŸ¿,neutral
ğŸ‘¸,neutral
ğŸ‘¸ğŸ»,neutral
ğŸ‘¸ğŸ¼,neutral
ğŸ‘¸ğŸ½,neutral
ğŸ‘¸ğŸ¾,neutral
ğŸ‘¸ğŸ¿,neutral
ğŸ‘³,neutral
ğŸ‘³ğŸ»,neutral
ğŸ‘³ğŸ¼,neutral
ğŸ‘³ğŸ½,neutral
ğŸ‘³ğŸ¾,neutral
ğŸ‘³ğŸ¿,neutral
ğŸ‘³â€â™‚ï¸,neutral
ğŸ‘³â€â™‚,neutral
ğŸ‘³ğŸ»â€â™‚ï¸,neutral
ğŸ‘³ğŸ»â€â™‚,neutral
ğŸ‘³ğŸ¼â€â™‚ï¸,neutral
ğŸ‘³ğŸ¼â€â™‚,neutral
ğŸ‘³ğŸ½â€â™‚ï¸,neutral
ğŸ‘³ğŸ½â€â™‚,neutral
ğŸ‘³ğŸ¾â€â™‚ï¸,neutral
ğŸ‘³ğŸ¾â€â™‚,neutral
ğŸ‘³ğŸ¿â€â™‚ï¸,neutral
ğŸ‘³ğŸ¿â€â™‚,neutral
ğŸ‘³â€â™€ï¸,neutral
ğŸ‘³â€â™€,neutral
ğŸ‘³ğŸ»â€â™€ï¸,neutral
ğŸ‘³ğŸ»â€â™€,neutral
ğŸ‘³ğŸ¼â€â™€ï¸,neutral
ğŸ‘³ğŸ¼â€â™€,neutral
ğŸ‘³ğŸ½â€â™€ï¸,neutral
ğŸ‘³ğŸ½â€â™€,neutral
ğŸ‘³ğŸ¾â€â™€ï¸,neutral
ğŸ‘³ğŸ¾â€â™€,neutral
ğŸ‘³ğŸ¿â€â™€ï¸,neutral
ğŸ‘³ğŸ¿â€â™€,neutral
ğŸ‘²,neutral
ğŸ‘²ğŸ»,neutral
ğŸ‘²ğŸ¼,neutral
ğŸ‘²ğŸ½,neutral
ğŸ‘²ğŸ¾,neutral
ğŸ‘²ğŸ¿,neutral
ğŸ§•,neutral
ğŸ§•ğŸ»,neutral
ğŸ§•ğŸ¼,neutral
ğŸ§•ğŸ½,neutral
ğŸ§•ğŸ¾,neutral
ğŸ§•ğŸ¿,neutral
ğŸ¤µ,neutral
ğŸ¤µğŸ»,neutral
ğŸ¤µğŸ¼,neutral
ğŸ¤µğŸ½,neutral
ğŸ¤µğŸ¾,neutral
ğŸ¤µğŸ¿,neutral
ğŸ¤µâ€â™‚ï¸,neutral
ğŸ¤µâ€â™‚,neutral
ğŸ¤µğŸ»â€â™‚ï¸,neutral
ğŸ¤µğŸ»â€â™‚,neutral
ğŸ¤µğŸ¼â€â™‚ï¸,neutral
ğŸ¤µğŸ¼â€â™‚,neutral
ğŸ¤µğŸ½â€â™‚ï¸,neutral
ğŸ¤µğŸ½â€â™‚,neutral
ğŸ¤µğŸ¾â€â™‚ï¸,neutral
ğŸ¤µğŸ¾â€â™‚,neutral
ğŸ¤µğŸ¿â€â™‚ï¸,neutral
ğŸ¤µğŸ¿â€â™‚,neutral
ğŸ¤µâ€â™€ï¸,neutral
ğŸ¤µâ€â™€,neutral
ğŸ¤µğŸ»â€â™€ï¸,neutral
ğŸ¤µğŸ»â€â™€,neutral
ğŸ¤µğŸ¼â€â™€ï¸,neutral
ğŸ¤µğŸ¼â€â™€,neutral
ğŸ¤µğŸ½â€â™€ï¸,neutral
ğŸ¤µğŸ½â€â™€,neutral
ğŸ¤µğŸ¾â€â™€ï¸,neutral
ğŸ¤µğŸ¾â€â™€,neutral
ğŸ¤µğŸ¿â€â™€ï¸,neutral
ğŸ¤µğŸ¿â€â™€,neutral
ğŸ‘°,neutral
ğŸ‘°ğŸ»,neutral
ğŸ‘°ğŸ¼,neutral
ğŸ‘°ğŸ½,neutral
ğŸ‘°ğŸ¾,neutral
ğŸ‘°ğŸ¿,neutral
ğŸ‘°â€â™‚ï¸,neutral
ğŸ‘°â€â™‚,neutral
ğŸ‘°ğŸ»â€â™‚ï¸,neutral
ğŸ‘°ğŸ»â€â™‚,neutral
ğŸ‘°ğŸ¼â€â™‚ï¸,neutral
ğŸ‘°ğŸ¼â€â™‚,neutral
ğŸ‘°ğŸ½â€â™‚ï¸,neutral
ğŸ‘°ğŸ½â€â™‚,neutral
ğŸ‘°ğŸ¾â€â™‚ï¸,neutral
ğŸ‘°ğŸ¾â€â™‚,neutral
ğŸ‘°ğŸ¿â€â™‚ï¸,neutral
ğŸ‘°ğŸ¿â€â™‚,neutral
ğŸ‘°â€â™€ï¸,neutral
ğŸ‘°â€â™€,neutral
ğŸ‘°ğŸ»â€â™€ï¸,neutral
ğŸ‘°ğŸ»â€â™€,neutral
ğŸ‘°ğŸ¼â€â™€ï¸,neutral
ğŸ‘°ğŸ¼â€â™€,neutral
ğŸ‘°ğŸ½â€â™€ï¸,neutral
ğŸ‘°ğŸ½â€â™€,neutral
ğŸ‘°ğŸ¾â€â™€ï¸,neutral
ğŸ‘°ğŸ¾â€â™€,neutral
ğŸ‘°ğŸ¿â€â™€ï¸,neutral
ğŸ‘°ğŸ¿â€â™€,neutral
ğŸ¤°,neutral
ğŸ¤°ğŸ»,neutral
ğŸ¤°ğŸ¼,neutral
ğŸ¤°ğŸ½,neutral
ğŸ¤°ğŸ¾,neutral
ğŸ¤°ğŸ¿,neutral
ğŸ¤±,neutral
ğŸ¤±ğŸ»,neutral
ğŸ¤±ğŸ¼,neutral
ğŸ¤±ğŸ½,neutral
ğŸ¤±ğŸ¾,neutral
ğŸ¤±ğŸ¿,neutral
ğŸ‘©â€ğŸ¼,neutral
ğŸ‘©ğŸ»â€ğŸ¼,neutral
ğŸ‘©ğŸ¼â€ğŸ¼,neutral
ğŸ‘©ğŸ½â€ğŸ¼,neutral
ğŸ‘©ğŸ¾â€ğŸ¼,neutral
ğŸ‘©ğŸ¿â€ğŸ¼,neutral
ğŸ‘¨â€ğŸ¼,neutral
ğŸ‘¨ğŸ»â€ğŸ¼,neutral
ğŸ‘¨ğŸ¼â€ğŸ¼,neutral
ğŸ‘¨ğŸ½â€ğŸ¼,neutral
ğŸ‘¨ğŸ¾â€ğŸ¼,neutral
ğŸ‘¨ğŸ¿â€ğŸ¼,neutral
ğŸ§‘â€ğŸ¼,neutral
ğŸ§‘ğŸ»â€ğŸ¼,neutral
ğŸ§‘ğŸ¼â€ğŸ¼,neutral
ğŸ§‘ğŸ½â€ğŸ¼,neutral
ğŸ§‘ğŸ¾â€ğŸ¼,neutral
ğŸ§‘ğŸ¿â€ğŸ¼,neutral
ğŸ‘¼,neutral
ğŸ‘¼ğŸ»,neutral
ğŸ‘¼ğŸ¼,neutral
ğŸ‘¼ğŸ½,neutral
ğŸ‘¼ğŸ¾,neutral
ğŸ‘¼ğŸ¿,neutral
ğŸ…,neutral
ğŸ…ğŸ»,neutral
ğŸ…ğŸ¼,neutral
ğŸ…ğŸ½,neutral
ğŸ…ğŸ¾,neutral
ğŸ…ğŸ¿,neutral
ğŸ¤¶,neutral
ğŸ¤¶ğŸ»,neutral
ğŸ¤¶ğŸ¼,neutral
ğŸ¤¶ğŸ½,neutral
ğŸ¤¶ğŸ¾,neutral
ğŸ¤¶ğŸ¿,neutral
ğŸ§‘â€ğŸ„,neutral
ğŸ§‘ğŸ»â€ğŸ„,neutral
ğŸ§‘ğŸ¼â€ğŸ„,neutral
ğŸ§‘ğŸ½â€ğŸ„,neutral
ğŸ§‘ğŸ¾â€ğŸ„,neutral
ğŸ§‘ğŸ¿â€ğŸ„,neutral
ğŸ¦¸,neutral
ğŸ¦¸ğŸ»,neutral
ğŸ¦¸ğŸ¼,neutral
ğŸ¦¸ğŸ½,neutral
ğŸ¦¸ğŸ¾,neutral
ğŸ¦¸ğŸ¿,neutral
ğŸ¦¸â€â™‚ï¸,neutral
ğŸ¦¸â€â™‚,neutral
ğŸ¦¸ğŸ»â€â™‚ï¸,neutral
ğŸ¦¸ğŸ»â€â™‚,neutral
ğŸ¦¸ğŸ¼â€â™‚ï¸,neutral
ğŸ¦¸ğŸ¼â€â™‚,neutral
ğŸ¦¸ğŸ½â€â™‚ï¸,neutral
ğŸ¦¸ğŸ½â€â™‚,neutral
ğŸ¦¸ğŸ¾â€â™‚ï¸,neutral
ğŸ¦¸ğŸ¾â€â™‚,neutral
ğŸ¦¸ğŸ¿â€â™‚ï¸,neutral
ğŸ¦¸ğŸ¿â€â™‚,neutral
ğŸ¦¸â€â™€ï¸,neutral
ğŸ¦¸â€â™€,neutral
ğŸ¦¸ğŸ»â€â™€ï¸,neutral
ğŸ¦¸ğŸ»â€â™€,neutral
ğŸ¦¸ğŸ¼â€â™€ï¸,neutral
ğŸ¦¸ğŸ¼â€â™€,neutral
ğŸ¦¸ğŸ½â€â™€ï¸,neutral
ğŸ¦¸ğŸ½â€â™€,neutral
ğŸ¦¸ğŸ¾â€â™€ï¸,neutral
ğŸ¦¸ğŸ¾â€â™€,neutral
ğŸ¦¸ğŸ¿â€â™€ï¸,neutral
ğŸ¦¸ğŸ¿â€â™€,neutral
ğŸ¦¹,neutral
ğŸ¦¹ğŸ»,neutral
ğŸ¦¹ğŸ¼,neutral
ğŸ¦¹ğŸ½,neutral
ğŸ¦¹ğŸ¾,neutral
ğŸ¦¹ğŸ¿,neutral
ğŸ¦¹â€â™‚ï¸,neutral
ğŸ¦¹â€â™‚,neutral
ğŸ¦¹ğŸ»â€â™‚ï¸,neutral
ğŸ¦¹ğŸ»â€â™‚,neutral
ğŸ¦¹ğŸ¼â€â™‚ï¸,neutral
ğŸ¦¹ğŸ¼â€â™‚,neutral
ğŸ¦¹ğŸ½â€â™‚ï¸,neutral
ğŸ¦¹ğŸ½â€â™‚,neutral
ğŸ¦¹ğŸ¾â€â™‚ï¸,neutral
ğŸ¦¹ğŸ¾â€â™‚,neutral
ğŸ¦¹ğŸ¿â€â™‚ï¸,neutral
ğŸ¦¹ğŸ¿â€â™‚,neutral
ğŸ¦¹â€â™€ï¸,neutral
ğŸ¦¹â€â™€,neutral
ğŸ¦¹ğŸ»â€â™€ï¸,neutral
ğŸ¦¹ğŸ»â€â™€,neutral
ğŸ¦¹ğŸ¼â€â™€ï¸,neutral
ğŸ¦¹ğŸ¼â€â™€,neutral
ğŸ¦¹ğŸ½â€â™€ï¸,neutral
ğŸ¦¹ğŸ½â€â™€,neutral
ğŸ¦¹ğŸ¾â€â™€ï¸,neutral
ğŸ¦¹ğŸ¾â€â™€,neutral
ğŸ¦¹ğŸ¿â€â™€ï¸,neutral
ğŸ¦¹ğŸ¿â€â™€,neutral
ğŸ§™,neutral
ğŸ§™ğŸ»,neutral
ğŸ§™ğŸ¼,neutral
ğŸ§™ğŸ½,neutral
ğŸ§™ğŸ¾,neutral
ğŸ§™ğŸ¿,neutral
ğŸ§™â€â™‚ï¸,neutral
ğŸ§™â€â™‚,neutral
ğŸ§™ğŸ»â€â™‚ï¸,neutral
ğŸ§™ğŸ»â€â™‚,neutral
ğŸ§™ğŸ¼â€â™‚ï¸,neutral
ğŸ§™ğŸ¼â€â™‚,neutral
ğŸ§™ğŸ½â€â™‚ï¸,neutral
ğŸ§™ğŸ½â€â™‚,neutral
ğŸ§™ğŸ¾â€â™‚ï¸,neutral
ğŸ§™ğŸ¾â€â™‚,neutral
ğŸ§™ğŸ¿â€â™‚ï¸,neutral
ğŸ§™ğŸ¿â€â™‚,neutral
ğŸ§™â€â™€ï¸,neutral
ğŸ§™â€â™€,neutral
ğŸ§™ğŸ»â€â™€ï¸,neutral
ğŸ§™ğŸ»â€â™€,neutral
ğŸ§™ğŸ¼â€â™€ï¸,neutral
ğŸ§™ğŸ¼â€â™€,neutral
ğŸ§™ğŸ½â€â™€ï¸,neutral
ğŸ§™ğŸ½â€â™€,neutral
ğŸ§™ğŸ¾â€â™€ï¸,neutral
ğŸ§™ğŸ¾â€â™€,neutral
ğŸ§™ğŸ¿â€â™€ï¸,neutral
ğŸ§™ğŸ¿â€â™€,neutral
ğŸ§š,neutral
ğŸ§šğŸ»,neutral
ğŸ§šğŸ¼,neutral
ğŸ§šğŸ½,neutral
ğŸ§šğŸ¾,neutral
ğŸ§šğŸ¿,neutral
ğŸ§šâ€â™‚ï¸,neutral
ğŸ§šâ€â™‚,neutral
ğŸ§šğŸ»â€â™‚ï¸,neutral
ğŸ§šğŸ»â€â™‚,neutral
ğŸ§šğŸ¼â€â™‚ï¸,neutral
ğŸ§šğŸ¼â€â™‚,neutral
ğŸ§šğŸ½â€â™‚ï¸,neutral
ğŸ§šğŸ½â€â™‚,neutral
ğŸ§šğŸ¾â€â™‚ï¸,neutral
ğŸ§šğŸ¾â€â™‚,neutral
ğŸ§šğŸ¿â€â™‚ï¸,neutral
ğŸ§šğŸ¿â€â™‚,neutral
ğŸ§šâ€â™€ï¸,neutral
ğŸ§šâ€â™€,neutral
ğŸ§šğŸ»â€â™€ï¸,neutral
ğŸ§šğŸ»â€â™€,neutral
ğŸ§šğŸ¼â€â™€ï¸,neutral
ğŸ§šğŸ¼â€â™€,neutral
ğŸ§šğŸ½â€â™€ï¸,neutral
ğŸ§šğŸ½â€â™€,neutral
ğŸ§šğŸ¾â€â™€ï¸,neutral
ğŸ§šğŸ¾â€â™€,neutral
ğŸ§šğŸ¿â€â™€ï¸,neutral
ğŸ§šğŸ¿â€â™€,neutral
ğŸ§›,neutral
ğŸ§›ğŸ»,neutral
ğŸ§›ğŸ¼,neutral
ğŸ§›ğŸ½,neutral
ğŸ§›ğŸ¾,neutral
ğŸ§›ğŸ¿,neutral
ğŸ§›â€â™‚ï¸,neutral
ğŸ§›â€â™‚,neutral
ğŸ§›ğŸ»â€â™‚ï¸,neutral
ğŸ§›ğŸ»â€â™‚,neutral
ğŸ§›ğŸ¼â€â™‚ï¸,neutral
ğŸ§›ğŸ¼â€â™‚,neutral
ğŸ§›ğŸ½â€â™‚ï¸,neutral
ğŸ§›ğŸ½â€â™‚,neutral
ğŸ§›ğŸ¾â€â™‚ï¸,neutral
ğŸ§›ğŸ¾â€â™‚,neutral
ğŸ§›ğŸ¿â€â™‚ï¸,neutral
ğŸ§›ğŸ¿â€â™‚,neutral
ğŸ§›â€â™€ï¸,neutral
ğŸ§›â€â™€,neutral
ğŸ§›ğŸ»â€â™€ï¸,neutral
ğŸ§›ğŸ»â€â™€,neutral
ğŸ§›ğŸ¼â€â™€ï¸,neutral
ğŸ§›ğŸ¼â€â™€,neutral
ğŸ§›ğŸ½â€â™€ï¸,neutral
ğŸ§›ğŸ½â€â™€,neutral
ğŸ§›ğŸ¾â€â™€ï¸,neutral
ğŸ§›ğŸ¾â€â™€,neutral
ğŸ§›ğŸ¿â€â™€ï¸,neutral
ğŸ§›ğŸ¿â€â™€,neutral
ğŸ§œ,neutral
ğŸ§œğŸ»,neutral
ğŸ§œğŸ¼,neutral
ğŸ§œğŸ½,neutral
ğŸ§œğŸ¾,neutral
ğŸ§œğŸ¿,neutral
ğŸ§œâ€â™‚ï¸,neutral
ğŸ§œâ€â™‚,neutral
ğŸ§œğŸ»â€â™‚ï¸,neutral
ğŸ§œğŸ»â€â™‚,neutral
ğŸ§œğŸ¼â€â™‚ï¸,neutral
ğŸ§œğŸ¼â€â™‚,neutral
ğŸ§œğŸ½â€â™‚ï¸,neutral
ğŸ§œğŸ½â€â™‚,neutral
ğŸ§œğŸ¾â€â™‚ï¸,neutral
ğŸ§œğŸ¾â€â™‚,neutral
ğŸ§œğŸ¿â€â™‚ï¸,neutral
ğŸ§œğŸ¿â€â™‚,neutral
ğŸ§œâ€â™€ï¸,neutral
ğŸ§œâ€â™€,neutral
ğŸ§œğŸ»â€â™€ï¸,neutral
ğŸ§œğŸ»â€â™€,neutral
ğŸ§œğŸ¼â€â™€ï¸,neutral
ğŸ§œğŸ¼â€â™€,neutral
ğŸ§œğŸ½â€â™€ï¸,neutral
ğŸ§œğŸ½â€â™€,neutral
ğŸ§œğŸ¾â€â™€ï¸,neutral
ğŸ§œğŸ¾â€â™€,neutral
ğŸ§œğŸ¿â€â™€ï¸,neutral
ğŸ§œğŸ¿â€â™€,neutral
ğŸ§,neutral
ğŸ§ğŸ»,neutral
ğŸ§ğŸ¼,neutral
ğŸ§ğŸ½,neutral
ğŸ§ğŸ¾,neutral
ğŸ§ğŸ¿,neutral
ğŸ§â€â™‚ï¸,neutral
ğŸ§â€â™‚,neutral
ğŸ§ğŸ»â€â™‚ï¸,neutral
ğŸ§ğŸ»â€â™‚,neutral
ğŸ§ğŸ¼â€â™‚ï¸,neutral
ğŸ§ğŸ¼â€â™‚,neutral
ğŸ§ğŸ½â€â™‚ï¸,neutral
ğŸ§ğŸ½â€â™‚,neutral
ğŸ§ğŸ¾â€â™‚ï¸,neutral
ğŸ§ğŸ¾â€â™‚,neutral
ğŸ§ğŸ¿â€â™‚ï¸,neutral
ğŸ§ğŸ¿â€â™‚,neutral
ğŸ§â€â™€ï¸,neutral
ğŸ§â€â™€,neutral
ğŸ§ğŸ»â€â™€ï¸,neutral
ğŸ§ğŸ»â€â™€,neutral
ğŸ§ğŸ¼â€â™€ï¸,neutral
ğŸ§ğŸ¼â€â™€,neutral
ğŸ§ğŸ½â€â™€ï¸,neutral
ğŸ§ğŸ½â€â™€,neutral
ğŸ§ğŸ¾â€â™€ï¸,neutral
ğŸ§ğŸ¾â€â™€,neutral
ğŸ§ğŸ¿â€â™€ï¸,neutral
ğŸ§ğŸ¿â€â™€,neutral
ğŸ§,neutral
ğŸ§â€â™‚ï¸,neutral
ğŸ§â€â™‚,neutral
ğŸ§â€â™€ï¸,neutral
ğŸ§â€â™€,neutral
ğŸ§Ÿ,neutral
ğŸ§Ÿâ€â™‚ï¸,neutral
ğŸ§Ÿâ€â™‚,neutral
ğŸ§Ÿâ€â™€ï¸,neutral
ğŸ§Ÿâ€â™€,neutral
ğŸ’†,neutral
ğŸ’†ğŸ»,neutral
ğŸ’†ğŸ¼,neutral
ğŸ’†ğŸ½,neutral
ğŸ’†ğŸ¾,neutral
ğŸ’†ğŸ¿,neutral
ğŸ’†â€â™‚ï¸,neutral
ğŸ’†â€â™‚,neutral
ğŸ’†ğŸ»â€â™‚ï¸,neutral
ğŸ’†ğŸ»â€â™‚,neutral
ğŸ’†ğŸ¼â€â™‚ï¸,neutral
ğŸ’†ğŸ¼â€â™‚,neutral
ğŸ’†ğŸ½â€â™‚ï¸,neutral
ğŸ’†ğŸ½â€â™‚,neutral
ğŸ’†ğŸ¾â€â™‚ï¸,neutral
ğŸ’†ğŸ¾â€â™‚,neutral
ğŸ’†ğŸ¿â€â™‚ï¸,neutral
ğŸ’†ğŸ¿â€â™‚,neutral
ğŸ’†â€â™€ï¸,neutral
ğŸ’†â€â™€,neutral
ğŸ’†ğŸ»â€â™€ï¸,neutral
ğŸ’†ğŸ»â€â™€,neutral
ğŸ’†ğŸ¼â€â™€ï¸,neutral
ğŸ’†ğŸ¼â€â™€,neutral
ğŸ’†ğŸ½â€â™€ï¸,neutral
ğŸ’†ğŸ½â€â™€,neutral
ğŸ’†ğŸ¾â€â™€ï¸,neutral
ğŸ’†ğŸ¾â€â™€,neutral
ğŸ’†ğŸ¿â€â™€ï¸,neutral
ğŸ’†ğŸ¿â€â™€,neutral
ğŸ’‡,neutral
ğŸ’‡ğŸ»,neutral
ğŸ’‡ğŸ¼,neutral
ğŸ’‡ğŸ½,neutral
ğŸ’‡ğŸ¾,neutral
ğŸ’‡ğŸ¿,neutral
ğŸ’‡â€â™‚ï¸,neutral
ğŸ’‡â€â™‚,neutral
ğŸ’‡ğŸ»â€â™‚ï¸,neutral
ğŸ’‡ğŸ»â€â™‚,neutral
ğŸ’‡ğŸ¼â€â™‚ï¸,neutral
ğŸ’‡ğŸ¼â€â™‚,neutral
ğŸ’‡ğŸ½â€â™‚ï¸,neutral
ğŸ’‡ğŸ½â€â™‚,neutral
ğŸ’‡ğŸ¾â€â™‚ï¸,neutral
ğŸ’‡ğŸ¾â€â™‚,neutral
ğŸ’‡ğŸ¿â€â™‚ï¸,neutral
ğŸ’‡ğŸ¿â€â™‚,neutral
ğŸ’‡â€â™€ï¸,neutral
ğŸ’‡â€â™€,neutral
ğŸ’‡ğŸ»â€â™€ï¸,neutral
ğŸ’‡ğŸ»â€â™€,neutral
ğŸ’‡ğŸ¼â€â™€ï¸,neutral
ğŸ’‡ğŸ¼â€â™€,neutral
ğŸ’‡ğŸ½â€â™€ï¸,neutral
ğŸ’‡ğŸ½â€â™€,neutral
ğŸ’‡ğŸ¾â€â™€ï¸,neutral
ğŸ’‡ğŸ¾â€â™€,neutral
ğŸ’‡ğŸ¿â€â™€ï¸,neutral
ğŸ’‡ğŸ¿â€â™€,neutral
ğŸš¶,neutral
ğŸš¶ğŸ»,neutral
ğŸš¶ğŸ¼,neutral
ğŸš¶ğŸ½,neutral
ğŸš¶ğŸ¾,neutral
ğŸš¶ğŸ¿,neutral
ğŸš¶â€â™‚ï¸,neutral
ğŸš¶â€â™‚,neutral
ğŸš¶ğŸ»â€â™‚ï¸,neutral
ğŸš¶ğŸ»â€â™‚,neutral
ğŸš¶ğŸ¼â€â™‚ï¸,neutral
ğŸš¶ğŸ¼â€â™‚,neutral
ğŸš¶ğŸ½â€â™‚ï¸,neutral
ğŸš¶ğŸ½â€â™‚,neutral
ğŸš¶ğŸ¾â€â™‚ï¸,neutral
ğŸš¶ğŸ¾â€â™‚,neutral
ğŸš¶ğŸ¿â€â™‚ï¸,neutral
ğŸš¶ğŸ¿â€â™‚,neutral
ğŸš¶â€â™€ï¸,neutral
ğŸš¶â€â™€,neutral
ğŸš¶ğŸ»â€â™€ï¸,neutral
ğŸš¶ğŸ»â€â™€,neutral
ğŸš¶ğŸ¼â€â™€ï¸,neutral
ğŸš¶ğŸ¼â€â™€,neutral
ğŸš¶ğŸ½â€â™€ï¸,neutral
ğŸš¶ğŸ½â€â™€,neutral
ğŸš¶ğŸ¾â€â™€ï¸,neutral
ğŸš¶ğŸ¾â€â™€,neutral
ğŸš¶ğŸ¿â€â™€ï¸,neutral
ğŸš¶ğŸ¿â€â™€,neutral
ğŸ§,neutral
ğŸ§ğŸ»,neutral
ğŸ§ğŸ¼,neutral
ğŸ§ğŸ½,neutral
ğŸ§ğŸ¾,neutral
ğŸ§ğŸ¿,neutral
ğŸ§â€â™‚ï¸,neutral
ğŸ§â€â™‚,neutral
ğŸ§ğŸ»â€â™‚ï¸,neutral
ğŸ§ğŸ»â€â™‚,neutral
ğŸ§ğŸ¼â€â™‚ï¸,neutral
ğŸ§ğŸ¼â€â™‚,neutral
ğŸ§ğŸ½â€â™‚ï¸,neutral
ğŸ§ğŸ½â€â™‚,neutral
ğŸ§ğŸ¾â€â™‚ï¸,neutral
ğŸ§ğŸ¾â€â™‚,neutral
ğŸ§ğŸ¿â€â™‚ï¸,neutral
ğŸ§ğŸ¿â€â™‚,neutral
ğŸ§â€â™€ï¸,neutral
ğŸ§â€â™€,neutral
ğŸ§ğŸ»â€â™€ï¸,neutral
ğŸ§ğŸ»â€â™€,neutral
ğŸ§ğŸ¼â€â™€ï¸,neutral
ğŸ§ğŸ¼â€â™€,neutral
ğŸ§ğŸ½â€â™€ï¸,neutral
ğŸ§ğŸ½â€â™€,neutral
ğŸ§ğŸ¾â€â™€ï¸,neutral
ğŸ§ğŸ¾â€â™€,neutral
ğŸ§ğŸ¿â€â™€ï¸,neutral
ğŸ§ğŸ¿â€â™€,neutral
ğŸ§,neutral
ğŸ§ğŸ»,neutral
ğŸ§ğŸ¼,neutral
ğŸ§ğŸ½,neutral
ğŸ§ğŸ¾,neutral
ğŸ§ğŸ¿,neutral
ğŸ§â€â™‚ï¸,neutral
ğŸ§â€â™‚,neutral
ğŸ§ğŸ»â€â™‚ï¸,neutral
ğŸ§ğŸ»â€â™‚,neutral
ğŸ§ğŸ¼â€â™‚ï¸,neutral
ğŸ§ğŸ¼â€â™‚,neutral
ğŸ§ğŸ½â€â™‚ï¸,neutral
ğŸ§ğŸ½â€â™‚,neutral
ğŸ§ğŸ¾â€â™‚ï¸,neutral
ğŸ§ğŸ¾â€â™‚,neutral
ğŸ§ğŸ¿â€â™‚ï¸,neutral
ğŸ§ğŸ¿â€â™‚,neutral
ğŸ§â€â™€ï¸,neutral
ğŸ§â€â™€,neutral
ğŸ§ğŸ»â€â™€ï¸,neutral
ğŸ§ğŸ»â€â™€,neutral
ğŸ§ğŸ¼â€â™€ï¸,neutral
ğŸ§ğŸ¼â€â™€,neutral
ğŸ§ğŸ½â€â™€ï¸,neutral
ğŸ§ğŸ½â€â™€,neutral
ğŸ§ğŸ¾â€â™€ï¸,neutral
ğŸ§ğŸ¾â€â™€,neutral
ğŸ§ğŸ¿â€â™€ï¸,neutral
ğŸ§ğŸ¿â€â™€,neutral
ğŸ§‘â€ğŸ¦¯,neutral
ğŸ§‘ğŸ»â€ğŸ¦¯,neutral
ğŸ§‘ğŸ¼â€ğŸ¦¯,neutral
ğŸ§‘ğŸ½â€ğŸ¦¯,neutral
ğŸ§‘ğŸ¾â€ğŸ¦¯,neutral
ğŸ§‘ğŸ¿â€ğŸ¦¯,neutral
ğŸ‘¨â€ğŸ¦¯,neutral
ğŸ‘¨ğŸ»â€ğŸ¦¯,neutral
ğŸ‘¨ğŸ¼â€ğŸ¦¯,neutral
ğŸ‘¨ğŸ½â€ğŸ¦¯,neutral
ğŸ‘¨ğŸ¾â€ğŸ¦¯,neutral
ğŸ‘¨ğŸ¿â€ğŸ¦¯,neutral
ğŸ‘©â€ğŸ¦¯,neutral
ğŸ‘©ğŸ»â€ğŸ¦¯,neutral
ğŸ‘©ğŸ¼â€ğŸ¦¯,neutral
ğŸ‘©ğŸ½â€ğŸ¦¯,neutral
ğŸ‘©ğŸ¾â€ğŸ¦¯,neutral
ğŸ‘©ğŸ¿â€ğŸ¦¯,neutral
ğŸ§‘â€ğŸ¦¼,neutral
ğŸ§‘ğŸ»â€ğŸ¦¼,neutral
ğŸ§‘ğŸ¼â€ğŸ¦¼,neutral
ğŸ§‘ğŸ½â€ğŸ¦¼,neutral
ğŸ§‘ğŸ¾â€ğŸ¦¼,neutral
ğŸ§‘ğŸ¿â€ğŸ¦¼,neutral
ğŸ‘¨â€ğŸ¦¼,neutral
ğŸ‘¨ğŸ»â€ğŸ¦¼,neutral
ğŸ‘¨ğŸ¼â€ğŸ¦¼,neutral
ğŸ‘¨ğŸ½â€ğŸ¦¼,neutral
ğŸ‘¨ğŸ¾â€ğŸ¦¼,neutral
ğŸ‘¨ğŸ¿â€ğŸ¦¼,neutral
ğŸ‘©â€ğŸ¦¼,neutral
ğŸ‘©ğŸ»â€ğŸ¦¼,neutral
ğŸ‘©ğŸ¼â€ğŸ¦¼,neutral
ğŸ‘©ğŸ½â€ğŸ¦¼,neutral
ğŸ‘©ğŸ¾â€ğŸ¦¼,neutral
ğŸ‘©ğŸ¿â€ğŸ¦¼,neutral
ğŸ§‘â€ğŸ¦½,neutral
ğŸ§‘ğŸ»â€ğŸ¦½,neutral
ğŸ§‘ğŸ¼â€ğŸ¦½,neutral
ğŸ§‘ğŸ½â€ğŸ¦½,neutral
ğŸ§‘ğŸ¾â€ğŸ¦½,neutral
ğŸ§‘ğŸ¿â€ğŸ¦½,neutral
ğŸ‘¨â€ğŸ¦½,neutral
ğŸ‘¨ğŸ»â€ğŸ¦½,neutral
ğŸ‘¨ğŸ¼â€ğŸ¦½,neutral
ğŸ‘¨ğŸ½â€ğŸ¦½,neutral
ğŸ‘¨ğŸ¾â€ğŸ¦½,neutral
ğŸ‘¨ğŸ¿â€ğŸ¦½,neutral
ğŸ‘©â€ğŸ¦½,neutral
ğŸ‘©ğŸ»â€ğŸ¦½,neutral
ğŸ‘©ğŸ¼â€ğŸ¦½,neutral
ğŸ‘©ğŸ½â€ğŸ¦½,neutral
ğŸ‘©ğŸ¾â€ğŸ¦½,neutral
ğŸ‘©ğŸ¿â€ğŸ¦½,neutral
ğŸƒ,neutral
ğŸƒğŸ»,neutral
ğŸƒğŸ¼,neutral
ğŸƒğŸ½,neutral
ğŸƒğŸ¾,neutral
ğŸƒğŸ¿,neutral
ğŸƒâ€â™‚ï¸,neutral
ğŸƒâ€â™‚,neutral
ğŸƒğŸ»â€â™‚ï¸,neutral
ğŸƒğŸ»â€â™‚,neutral
ğŸƒğŸ¼â€â™‚ï¸,neutral
ğŸƒğŸ¼â€â™‚,neutral
ğŸƒğŸ½â€â™‚ï¸,neutral
ğŸƒğŸ½â€â™‚,neutral
ğŸƒğŸ¾â€â™‚ï¸,neutral
ğŸƒğŸ¾â€â™‚,neutral
ğŸƒğŸ¿â€â™‚ï¸,neutral
ğŸƒğŸ¿â€â™‚,neutral
ğŸƒâ€â™€ï¸,neutral
ğŸƒâ€â™€,neutral
ğŸƒğŸ»â€â™€ï¸,neutral
ğŸƒğŸ»â€â™€,neutral
ğŸƒğŸ¼â€â™€ï¸,neutral
ğŸƒğŸ¼â€â™€,neutral
ğŸƒğŸ½â€â™€ï¸,neutral
ğŸƒğŸ½â€â™€,neutral
ğŸƒğŸ¾â€â™€ï¸,neutral
ğŸƒğŸ¾â€â™€,neutral
ğŸƒğŸ¿â€â™€ï¸,neutral
ğŸƒğŸ¿â€â™€,neutral
ğŸ’ƒ,neutral
ğŸ’ƒğŸ»,neutral
ğŸ’ƒğŸ¼,neutral
ğŸ’ƒğŸ½,neutral
ğŸ’ƒğŸ¾,neutral
ğŸ’ƒğŸ¿,neutral
ğŸ•º,neutral
ğŸ•ºğŸ»,neutral
ğŸ•ºğŸ¼,neutral
ğŸ•ºğŸ½,neutral
ğŸ•ºğŸ¾,neutral
ğŸ•ºğŸ¿,neutral
ğŸ•´ï¸,neutral
ğŸ•´,neutral
ğŸ•´ğŸ»,neutral
ğŸ•´ğŸ¼,neutral
ğŸ•´ğŸ½,neutral
ğŸ•´ğŸ¾,neutral
ğŸ•´ğŸ¿,neutral
ğŸ‘¯,neutral
ğŸ‘¯â€â™‚ï¸,neutral
ğŸ‘¯â€â™‚,neutral
ğŸ‘¯â€â™€ï¸,neutral
ğŸ‘¯â€â™€,neutral
ğŸ§–,neutral
ğŸ§–ğŸ»,neutral
ğŸ§–ğŸ¼,neutral
ğŸ§–ğŸ½,neutral
ğŸ§–ğŸ¾,neutral
ğŸ§–ğŸ¿,neutral
ğŸ§–â€â™‚ï¸,neutral
ğŸ§–â€â™‚,neutral
ğŸ§–ğŸ»â€â™‚ï¸,neutral
ğŸ§–ğŸ»â€â™‚,neutral
ğŸ§–ğŸ¼â€â™‚ï¸,neutral
ğŸ§–ğŸ¼â€â™‚,neutral
ğŸ§–ğŸ½â€â™‚ï¸,neutral
ğŸ§–ğŸ½â€â™‚,neutral
ğŸ§–ğŸ¾â€â™‚ï¸,neutral
ğŸ§–ğŸ¾â€â™‚,neutral
ğŸ§–ğŸ¿â€â™‚ï¸,neutral
ğŸ§–ğŸ¿â€â™‚,neutral
ğŸ§–â€â™€ï¸,neutral
ğŸ§–â€â™€,neutral
ğŸ§–ğŸ»â€â™€ï¸,neutral
ğŸ§–ğŸ»â€â™€,neutral
ğŸ§–ğŸ¼â€â™€ï¸,neutral
ğŸ§–ğŸ¼â€â™€,neutral
ğŸ§–ğŸ½â€â™€ï¸,neutral
ğŸ§–ğŸ½â€â™€,neutral
ğŸ§–ğŸ¾â€â™€ï¸,neutral
ğŸ§–ğŸ¾â€â™€,neutral
ğŸ§–ğŸ¿â€â™€ï¸,neutral
ğŸ§–ğŸ¿â€â™€,neutral
ğŸ§—,neutral
ğŸ§—ğŸ»,neutral
ğŸ§—ğŸ¼,neutral
ğŸ§—ğŸ½,neutral
ğŸ§—ğŸ¾,neutral
ğŸ§—ğŸ¿,neutral
ğŸ§—â€â™‚ï¸,neutral
ğŸ§—â€â™‚,neutral
ğŸ§—ğŸ»â€â™‚ï¸,neutral
ğŸ§—ğŸ»â€â™‚,neutral
ğŸ§—ğŸ¼â€â™‚ï¸,neutral
ğŸ§—ğŸ¼â€â™‚,neutral
ğŸ§—ğŸ½â€â™‚ï¸,neutral
ğŸ§—ğŸ½â€â™‚,neutral
ğŸ§—ğŸ¾â€â™‚ï¸,neutral
ğŸ§—ğŸ¾â€â™‚,neutral
ğŸ§—ğŸ¿â€â™‚ï¸,neutral
ğŸ§—ğŸ¿â€â™‚,neutral
ğŸ§—â€â™€ï¸,neutral
ğŸ§—â€â™€,neutral
ğŸ§—ğŸ»â€â™€ï¸,neutral
ğŸ§—ğŸ»â€â™€,neutral
ğŸ§—ğŸ¼â€â™€ï¸,neutral
ğŸ§—ğŸ¼â€â™€,neutral
ğŸ§—ğŸ½â€â™€ï¸,neutral
ğŸ§—ğŸ½â€â™€,neutral
ğŸ§—ğŸ¾â€â™€ï¸,neutral
ğŸ§—ğŸ¾â€â™€,neutral
ğŸ§—ğŸ¿â€â™€ï¸,neutral
ğŸ§—ğŸ¿â€â™€,neutral
ğŸ¤º,neutral
ğŸ‡,neutral
ğŸ‡ğŸ»,neutral
ğŸ‡ğŸ¼,neutral
ğŸ‡ğŸ½,neutral
ğŸ‡ğŸ¾,neutral
ğŸ‡ğŸ¿,neutral
â›·ï¸,neutral
â›·,neutral
ğŸ‚,neutral
ğŸ‚ğŸ»,neutral
ğŸ‚ğŸ¼,neutral
ğŸ‚ğŸ½,neutral
ğŸ‚ğŸ¾,neutral
ğŸ‚ğŸ¿,neutral
ğŸŒï¸,neutral
ğŸŒ,neutral
ğŸŒğŸ»,neutral
ğŸŒğŸ¼,neutral
ğŸŒğŸ½,neutral
ğŸŒğŸ¾,neutral
ğŸŒğŸ¿,neutral
ğŸŒï¸â€â™‚ï¸,neutral
ğŸŒâ€â™‚ï¸,neutral
ğŸŒï¸â€â™‚,neutral
ğŸŒâ€â™‚,neutral
ğŸŒğŸ»â€â™‚ï¸,neutral
ğŸŒğŸ»â€â™‚,neutral
ğŸŒğŸ¼â€â™‚ï¸,neutral
ğŸŒğŸ¼â€â™‚,neutral
ğŸŒğŸ½â€â™‚ï¸,neutral
ğŸŒğŸ½â€â™‚,neutral
ğŸŒğŸ¾â€â™‚ï¸,neutral
ğŸŒğŸ¾â€â™‚,neutral
ğŸŒğŸ¿â€â™‚ï¸,neutral
ğŸŒğŸ¿â€â™‚,neutral
ğŸŒï¸â€â™€ï¸,neutral
ğŸŒâ€â™€ï¸,neutral
ğŸŒï¸â€â™€,neutral
ğŸŒâ€â™€,neutral
ğŸŒğŸ»â€â™€ï¸,neutral
ğŸŒğŸ»â€â™€,neutral
ğŸŒğŸ¼â€â™€ï¸,neutral
ğŸŒğŸ¼â€â™€,neutral
ğŸŒğŸ½â€â™€ï¸,neutral
ğŸŒğŸ½â€â™€,neutral
ğŸŒğŸ¾â€â™€ï¸,neutral
ğŸŒğŸ¾â€â™€,neutral
ğŸŒğŸ¿â€â™€ï¸,neutral
ğŸŒğŸ¿â€â™€,neutral
ğŸ„,neutral
ğŸ„ğŸ»,neutral
ğŸ„ğŸ¼,neutral
ğŸ„ğŸ½,neutral
ğŸ„ğŸ¾,neutral
ğŸ„ğŸ¿,neutral
ğŸ„â€â™‚ï¸,neutral
ğŸ„â€â™‚,neutral
ğŸ„ğŸ»â€â™‚ï¸,neutral
ğŸ„ğŸ»â€â™‚,neutral
ğŸ„ğŸ¼â€â™‚ï¸,neutral
ğŸ„ğŸ¼â€â™‚,neutral
ğŸ„ğŸ½â€â™‚ï¸,neutral
ğŸ„ğŸ½â€â™‚,neutral
ğŸ„ğŸ¾â€â™‚ï¸,neutral
ğŸ„ğŸ¾â€â™‚,neutral
ğŸ„ğŸ¿â€â™‚ï¸,neutral
ğŸ„ğŸ¿â€â™‚,neutral
ğŸ„â€â™€ï¸,neutral
ğŸ„â€â™€,neutral
ğŸ„ğŸ»â€â™€ï¸,neutral
ğŸ„ğŸ»â€â™€,neutral
ğŸ„ğŸ¼â€â™€ï¸,neutral
ğŸ„ğŸ¼â€â™€,neutral
ğŸ„ğŸ½â€â™€ï¸,neutral
ğŸ„ğŸ½â€â™€,neutral
ğŸ„ğŸ¾â€â™€ï¸,neutral
ğŸ„ğŸ¾â€â™€,neutral
ğŸ„ğŸ¿â€â™€ï¸,neutral
ğŸ„ğŸ¿â€â™€,neutral
ğŸš£,neutral
ğŸš£ğŸ»,neutral
ğŸš£ğŸ¼,neutral
ğŸš£ğŸ½,neutral
ğŸš£ğŸ¾,neutral
ğŸš£ğŸ¿,neutral
ğŸš£â€â™‚ï¸,neutral
ğŸš£â€â™‚,neutral
ğŸš£ğŸ»â€â™‚ï¸,neutral
ğŸš£ğŸ»â€â™‚,neutral
ğŸš£ğŸ¼â€â™‚ï¸,neutral
ğŸš£ğŸ¼â€â™‚,neutral
ğŸš£ğŸ½â€â™‚ï¸,neutral
ğŸš£ğŸ½â€â™‚,neutral
ğŸš£ğŸ¾â€â™‚ï¸,neutral
ğŸš£ğŸ¾â€â™‚,neutral
ğŸš£ğŸ¿â€â™‚ï¸,neutral
ğŸš£ğŸ¿â€â™‚,neutral
ğŸš£â€â™€ï¸,neutral
ğŸš£â€â™€,neutral
ğŸš£ğŸ»â€â™€ï¸,neutral
ğŸš£ğŸ»â€â™€,neutral
ğŸš£ğŸ¼â€â™€ï¸,neutral
ğŸš£ğŸ¼â€â™€,neutral
ğŸš£ğŸ½â€â™€ï¸,neutral
ğŸš£ğŸ½â€â™€,neutral
ğŸš£ğŸ¾â€â™€ï¸,neutral
ğŸš£ğŸ¾â€â™€,neutral
ğŸš£ğŸ¿â€â™€ï¸,neutral
ğŸš£ğŸ¿â€â™€,neutral
ğŸŠ,neutral
ğŸŠğŸ»,neutral
ğŸŠğŸ¼,neutral
ğŸŠğŸ½,neutral
ğŸŠğŸ¾,neutral
ğŸŠğŸ¿,neutral
ğŸŠâ€â™‚ï¸,neutral
ğŸŠâ€â™‚,neutral
ğŸŠğŸ»â€â™‚ï¸,neutral
ğŸŠğŸ»â€â™‚,neutral
ğŸŠğŸ¼â€â™‚ï¸,neutral
ğŸŠğŸ¼â€â™‚,neutral
ğŸŠğŸ½â€â™‚ï¸,neutral
ğŸŠğŸ½â€â™‚,neutral
ğŸŠğŸ¾â€â™‚ï¸,neutral
ğŸŠğŸ¾â€â™‚,neutral
ğŸŠğŸ¿â€â™‚ï¸,neutral
ğŸŠğŸ¿â€â™‚,neutral
ğŸŠâ€â™€ï¸,neutral
ğŸŠâ€â™€,neutral
ğŸŠğŸ»â€â™€ï¸,neutral
ğŸŠğŸ»â€â™€,neutral
ğŸŠğŸ¼â€â™€ï¸,neutral
ğŸŠğŸ¼â€â™€,neutral
ğŸŠğŸ½â€â™€ï¸,neutral
ğŸŠğŸ½â€â™€,neutral
ğŸŠğŸ¾â€â™€ï¸,neutral
ğŸŠğŸ¾â€â™€,neutral
ğŸŠğŸ¿â€â™€ï¸,neutral
ğŸŠğŸ¿â€â™€,neutral
â›¹ï¸,neutral
â›¹,neutral
â›¹ğŸ»,neutral
â›¹ğŸ¼,neutral
â›¹ğŸ½,neutral
â›¹ğŸ¾,neutral
â›¹ğŸ¿,neutral
â›¹ï¸â€â™‚ï¸,neutral
â›¹â€â™‚ï¸,neutral
â›¹ï¸â€â™‚,neutral
â›¹â€â™‚,neutral
â›¹ğŸ»â€â™‚ï¸,neutral
â›¹ğŸ»â€â™‚,neutral
â›¹ğŸ¼â€â™‚ï¸,neutral
â›¹ğŸ¼â€â™‚,neutral
â›¹ğŸ½â€â™‚ï¸,neutral
â›¹ğŸ½â€â™‚,neutral
â›¹ğŸ¾â€â™‚ï¸,neutral
â›¹ğŸ¾â€â™‚,neutral
â›¹ğŸ¿â€â™‚ï¸,neutral
â›¹ğŸ¿â€â™‚,neutral
â›¹ï¸â€â™€ï¸,neutral
â›¹â€â™€ï¸,neutral
â›¹ï¸â€â™€,neutral
â›¹â€â™€,neutral
â›¹ğŸ»â€â™€ï¸,neutral
â›¹ğŸ»â€â™€,neutral
â›¹ğŸ¼â€â™€ï¸,neutral
â›¹ğŸ¼â€â™€,neutral
â›¹ğŸ½â€â™€ï¸,neutral
â›¹ğŸ½â€â™€,neutral
â›¹ğŸ¾â€â™€ï¸,neutral
â›¹ğŸ¾â€â™€,neutral
â›¹ğŸ¿â€â™€ï¸,neutral
â›¹ğŸ¿â€â™€,neutral
ğŸ‹ï¸,neutral
ğŸ‹,neutral
ğŸ‹ğŸ»,neutral
ğŸ‹ğŸ¼,neutral
ğŸ‹ğŸ½,neutral
ğŸ‹ğŸ¾,neutral
ğŸ‹ğŸ¿,neutral
ğŸ‹ï¸â€â™‚ï¸,neutral
ğŸ‹â€â™‚ï¸,neutral
ğŸ‹ï¸â€â™‚,neutral
ğŸ‹â€â™‚,neutral
ğŸ‹ğŸ»â€â™‚ï¸,neutral
ğŸ‹ğŸ»â€â™‚,neutral
ğŸ‹ğŸ¼â€â™‚ï¸,neutral
ğŸ‹ğŸ¼â€â™‚,neutral
ğŸ‹ğŸ½â€â™‚ï¸,neutral
ğŸ‹ğŸ½â€â™‚,neutral
ğŸ‹ğŸ¾â€â™‚ï¸,neutral
ğŸ‹ğŸ¾â€â™‚,neutral
ğŸ‹ğŸ¿â€â™‚ï¸,neutral
ğŸ‹ğŸ¿â€â™‚,neutral
ğŸ‹ï¸â€â™€ï¸,neutral
ğŸ‹â€â™€ï¸,neutral
ğŸ‹ï¸â€â™€,neutral
ğŸ‹â€â™€,neutral
ğŸ‹ğŸ»â€â™€ï¸,neutral
ğŸ‹ğŸ»â€â™€,neutral
ğŸ‹ğŸ¼â€â™€ï¸,neutral
ğŸ‹ğŸ¼â€â™€,neutral
ğŸ‹ğŸ½â€â™€ï¸,neutral
ğŸ‹ğŸ½â€â™€,neutral
ğŸ‹ğŸ¾â€â™€ï¸,neutral
ğŸ‹ğŸ¾â€â™€,neutral
ğŸ‹ğŸ¿â€â™€ï¸,neutral
ğŸ‹ğŸ¿â€â™€,neutral
ğŸš´,neutral
ğŸš´ğŸ»,neutral
ğŸš´ğŸ¼,neutral
ğŸš´ğŸ½,neutral
ğŸš´ğŸ¾,neutral
ğŸš´ğŸ¿,neutral
ğŸš´â€â™‚ï¸,neutral
ğŸš´â€â™‚,neutral
ğŸš´ğŸ»â€â™‚ï¸,neutral
ğŸš´ğŸ»â€â™‚,neutral
ğŸš´ğŸ¼â€â™‚ï¸,neutral
ğŸš´ğŸ¼â€â™‚,neutral
ğŸš´ğŸ½â€â™‚ï¸,neutral
ğŸš´ğŸ½â€â™‚,neutral
ğŸš´ğŸ¾â€â™‚ï¸,neutral
ğŸš´ğŸ¾â€â™‚,neutral
ğŸš´ğŸ¿â€â™‚ï¸,neutral
ğŸš´ğŸ¿â€â™‚,neutral
ğŸš´â€â™€ï¸,neutral
ğŸš´â€â™€,neutral
ğŸš´ğŸ»â€â™€ï¸,neutral
ğŸš´ğŸ»â€â™€,neutral
ğŸš´ğŸ¼â€â™€ï¸,neutral
ğŸš´ğŸ¼â€â™€,neutral
ğŸš´ğŸ½â€â™€ï¸,neutral
ğŸš´ğŸ½â€â™€,neutral
ğŸš´ğŸ¾â€â™€ï¸,neutral
ğŸš´ğŸ¾â€â™€,neutral
ğŸš´ğŸ¿â€â™€ï¸,neutral
ğŸš´ğŸ¿â€â™€,neutral
ğŸšµ,neutral
ğŸšµğŸ»,neutral
ğŸšµğŸ¼,neutral
ğŸšµğŸ½,neutral
ğŸšµğŸ¾,neutral
ğŸšµğŸ¿,neutral
ğŸšµâ€â™‚ï¸,neutral
ğŸšµâ€â™‚,neutral
ğŸšµğŸ»â€â™‚ï¸,neutral
ğŸšµğŸ»â€â™‚,neutral
ğŸšµğŸ¼â€â™‚ï¸,neutral
ğŸšµğŸ¼â€â™‚,neutral
ğŸšµğŸ½â€â™‚ï¸,neutral
ğŸšµğŸ½â€â™‚,neutral
ğŸšµğŸ¾â€â™‚ï¸,neutral
ğŸšµğŸ¾â€â™‚,neutral
ğŸšµğŸ¿â€â™‚ï¸,neutral
ğŸšµğŸ¿â€â™‚,neutral
ğŸšµâ€â™€ï¸,neutral
ğŸšµâ€â™€,neutral
ğŸšµğŸ»â€â™€ï¸,neutral
ğŸšµğŸ»â€â™€,neutral
ğŸšµğŸ¼â€â™€ï¸,neutral
ğŸšµğŸ¼â€â™€,neutral
ğŸšµğŸ½â€â™€ï¸,neutral
ğŸšµğŸ½â€â™€,neutral
ğŸšµğŸ¾â€â™€ï¸,neutral
ğŸšµğŸ¾â€â™€,neutral
ğŸšµğŸ¿â€â™€ï¸,neutral
ğŸšµğŸ¿â€â™€,neutral
ğŸ¤¸,neutral
ğŸ¤¸ğŸ»,neutral
ğŸ¤¸ğŸ¼,neutral
ğŸ¤¸ğŸ½,neutral
ğŸ¤¸ğŸ¾,neutral
ğŸ¤¸ğŸ¿,neutral
ğŸ¤¸â€â™‚ï¸,neutral
ğŸ¤¸â€â™‚,neutral
ğŸ¤¸ğŸ»â€â™‚ï¸,neutral
ğŸ¤¸ğŸ»â€â™‚,neutral
ğŸ¤¸ğŸ¼â€â™‚ï¸,neutral
ğŸ¤¸ğŸ¼â€â™‚,neutral
ğŸ¤¸ğŸ½â€â™‚ï¸,neutral
ğŸ¤¸ğŸ½â€â™‚,neutral
ğŸ¤¸ğŸ¾â€â™‚ï¸,neutral
ğŸ¤¸ğŸ¾â€â™‚,neutral
ğŸ¤¸ğŸ¿â€â™‚ï¸,neutral
ğŸ¤¸ğŸ¿â€â™‚,neutral
ğŸ¤¸â€â™€ï¸,neutral
ğŸ¤¸â€â™€,neutral
ğŸ¤¸ğŸ»â€â™€ï¸,neutral
ğŸ¤¸ğŸ»â€â™€,neutral
ğŸ¤¸ğŸ¼â€â™€ï¸,neutral
ğŸ¤¸ğŸ¼â€â™€,neutral
ğŸ¤¸ğŸ½â€â™€ï¸,neutral
ğŸ¤¸ğŸ½â€â™€,neutral
ğŸ¤¸ğŸ¾â€â™€ï¸,neutral
ğŸ¤¸ğŸ¾â€â™€,neutral
ğŸ¤¸ğŸ¿â€â™€ï¸,neutral
ğŸ¤¸ğŸ¿â€â™€,neutral
ğŸ¤¼,neutral
ğŸ¤¼â€â™‚ï¸,neutral
ğŸ¤¼â€â™‚,neutral
ğŸ¤¼â€â™€ï¸,neutral
ğŸ¤¼â€â™€,neutral
ğŸ¤½,neutral
ğŸ¤½ğŸ»,neutral
ğŸ¤½ğŸ¼,neutral
ğŸ¤½ğŸ½,neutral
ğŸ¤½ğŸ¾,neutral
ğŸ¤½ğŸ¿,neutral
ğŸ¤½â€â™‚ï¸,neutral
ğŸ¤½â€â™‚,neutral
ğŸ¤½ğŸ»â€â™‚ï¸,neutral
ğŸ¤½ğŸ»â€â™‚,neutral
ğŸ¤½ğŸ¼â€â™‚ï¸,neutral
ğŸ¤½ğŸ¼â€â™‚,neutral
ğŸ¤½ğŸ½â€â™‚ï¸,neutral
ğŸ¤½ğŸ½â€â™‚,neutral
ğŸ¤½ğŸ¾â€â™‚ï¸,neutral
ğŸ¤½ğŸ¾â€â™‚,neutral
ğŸ¤½ğŸ¿â€â™‚ï¸,neutral
ğŸ¤½ğŸ¿â€â™‚,neutral
ğŸ¤½â€â™€ï¸,neutral
ğŸ¤½â€â™€,neutral
ğŸ¤½ğŸ»â€â™€ï¸,neutral
ğŸ¤½ğŸ»â€â™€,neutral
ğŸ¤½ğŸ¼â€â™€ï¸,neutral
ğŸ¤½ğŸ¼â€â™€,neutral
ğŸ¤½ğŸ½â€â™€ï¸,neutral
ğŸ¤½ğŸ½â€â™€,neutral
ğŸ¤½ğŸ¾â€â™€ï¸,neutral
ğŸ¤½ğŸ¾â€â™€,neutral
ğŸ¤½ğŸ¿â€â™€ï¸,neutral
ğŸ¤½ğŸ¿â€â™€,neutral
ğŸ¤¾,neutral
ğŸ¤¾ğŸ»,neutral
ğŸ¤¾ğŸ¼,neutral
ğŸ¤¾ğŸ½,neutral
ğŸ¤¾ğŸ¾,neutral
ğŸ¤¾ğŸ¿,neutral
ğŸ¤¾â€â™‚ï¸,neutral
ğŸ¤¾â€â™‚,neutral
ğŸ¤¾ğŸ»â€â™‚ï¸,neutral
ğŸ¤¾ğŸ»â€â™‚,neutral
ğŸ¤¾ğŸ¼â€â™‚ï¸,neutral
ğŸ¤¾ğŸ¼â€â™‚,neutral
ğŸ¤¾ğŸ½â€â™‚ï¸,neutral
ğŸ¤¾ğŸ½â€â™‚,neutral
ğŸ¤¾ğŸ¾â€â™‚ï¸,neutral
ğŸ¤¾ğŸ¾â€â™‚,neutral
ğŸ¤¾ğŸ¿â€â™‚ï¸,neutral
ğŸ¤¾ğŸ¿â€â™‚,neutral
ğŸ¤¾â€â™€ï¸,neutral
ğŸ¤¾â€â™€,neutral
ğŸ¤¾ğŸ»â€â™€ï¸,neutral
ğŸ¤¾ğŸ»â€â™€,neutral
ğŸ¤¾ğŸ¼â€â™€ï¸,neutral
ğŸ¤¾ğŸ¼â€â™€,neutral
ğŸ¤¾ğŸ½â€â™€ï¸,neutral
ğŸ¤¾ğŸ½â€â™€,neutral
ğŸ¤¾ğŸ¾â€â™€ï¸,neutral
ğŸ¤¾ğŸ¾â€â™€,neutral
ğŸ¤¾ğŸ¿â€â™€ï¸,neutral
ğŸ¤¾ğŸ¿â€â™€,neutral
ğŸ¤¹,neutral
ğŸ¤¹ğŸ»,neutral
ğŸ¤¹ğŸ¼,neutral
ğŸ¤¹ğŸ½,neutral
ğŸ¤¹ğŸ¾,neutral
ğŸ¤¹ğŸ¿,neutral
ğŸ¤¹â€â™‚ï¸,neutral
ğŸ¤¹â€â™‚,neutral
ğŸ¤¹ğŸ»â€â™‚ï¸,neutral
ğŸ¤¹ğŸ»â€â™‚,neutral
ğŸ¤¹ğŸ¼â€â™‚ï¸,neutral
ğŸ¤¹ğŸ¼â€â™‚,neutral
ğŸ¤¹ğŸ½â€â™‚ï¸,neutral
ğŸ¤¹ğŸ½â€â™‚,neutral
ğŸ¤¹ğŸ¾â€â™‚ï¸,neutral
ğŸ¤¹ğŸ¾â€â™‚,neutral
ğŸ¤¹ğŸ¿â€â™‚ï¸,neutral
ğŸ¤¹ğŸ¿â€â™‚,neutral
ğŸ¤¹â€â™€ï¸,neutral
ğŸ¤¹â€â™€,neutral
ğŸ¤¹ğŸ»â€â™€ï¸,neutral
ğŸ¤¹ğŸ»â€â™€,neutral
ğŸ¤¹ğŸ¼â€â™€ï¸,neutral
ğŸ¤¹ğŸ¼â€â™€,neutral
ğŸ¤¹ğŸ½â€â™€ï¸,neutral
ğŸ¤¹ğŸ½â€â™€,neutral
ğŸ¤¹ğŸ¾â€â™€ï¸,neutral
ğŸ¤¹ğŸ¾â€â™€,neutral
ğŸ¤¹ğŸ¿â€â™€ï¸,neutral
ğŸ¤¹ğŸ¿â€â™€,neutral
ğŸ§˜,neutral
ğŸ§˜ğŸ»,neutral
ğŸ§˜ğŸ¼,neutral
ğŸ§˜ğŸ½,neutral
ğŸ§˜ğŸ¾,neutral
ğŸ§˜ğŸ¿,neutral
ğŸ§˜â€â™‚ï¸,neutral
ğŸ§˜â€â™‚,neutral
ğŸ§˜ğŸ»â€â™‚ï¸,neutral
ğŸ§˜ğŸ»â€â™‚,neutral
ğŸ§˜ğŸ¼â€â™‚ï¸,neutral
ğŸ§˜ğŸ¼â€â™‚,neutral
ğŸ§˜ğŸ½â€â™‚ï¸,neutral
ğŸ§˜ğŸ½â€â™‚,neutral
ğŸ§˜ğŸ¾â€â™‚ï¸,neutral
ğŸ§˜ğŸ¾â€â™‚,neutral
ğŸ§˜ğŸ¿â€â™‚ï¸,neutral
ğŸ§˜ğŸ¿â€â™‚,neutral
ğŸ§˜â€â™€ï¸,neutral
ğŸ§˜â€â™€,neutral
ğŸ§˜ğŸ»â€â™€ï¸,neutral
ğŸ§˜ğŸ»â€â™€,neutral
ğŸ§˜ğŸ¼â€â™€ï¸,neutral
ğŸ§˜ğŸ¼â€â™€,neutral
ğŸ§˜ğŸ½â€â™€ï¸,neutral
ğŸ§˜ğŸ½â€â™€,neutral
ğŸ§˜ğŸ¾â€â™€ï¸,neutral
ğŸ§˜ğŸ¾â€â™€,neutral
ğŸ§˜ğŸ¿â€â™€ï¸,neutral
ğŸ§˜ğŸ¿â€â™€,neutral
ğŸ›€,neutral
ğŸ›€ğŸ»,neutral
ğŸ›€ğŸ¼,neutral
ğŸ›€ğŸ½,neutral
ğŸ›€ğŸ¾,neutral
ğŸ›€ğŸ¿,neutral
ğŸ›Œ,neutral
ğŸ›ŒğŸ»,neutral
ğŸ›ŒğŸ¼,neutral
ğŸ›ŒğŸ½,neutral
ğŸ›ŒğŸ¾,neutral
ğŸ›ŒğŸ¿,neutral
ğŸ§‘â€ğŸ¤â€ğŸ§‘,neutral
ğŸ§‘ğŸ»â€ğŸ¤â€ğŸ§‘ğŸ»,neutral
ğŸ§‘ğŸ»â€ğŸ¤â€ğŸ§‘ğŸ¼,neutral
ğŸ§‘ğŸ»â€ğŸ¤â€ğŸ§‘ğŸ½,neutral
ğŸ§‘ğŸ»â€ğŸ¤â€ğŸ§‘ğŸ¾,neutral
ğŸ§‘ğŸ»â€ğŸ¤â€ğŸ§‘ğŸ¿,neutral
ğŸ§‘ğŸ¼â€ğŸ¤â€ğŸ§‘ğŸ»,neutral
ğŸ§‘ğŸ¼â€ğŸ¤â€ğŸ§‘ğŸ¼,neutral
ğŸ§‘ğŸ¼â€ğŸ¤â€ğŸ§‘ğŸ½,neutral
ğŸ§‘ğŸ¼â€ğŸ¤â€ğŸ§‘ğŸ¾,neutral
ğŸ§‘ğŸ¼â€ğŸ¤â€ğŸ§‘ğŸ¿,neutral
ğŸ§‘ğŸ½â€ğŸ¤â€ğŸ§‘ğŸ»,neutral
ğŸ§‘ğŸ½â€ğŸ¤â€ğŸ§‘ğŸ¼,neutral
ğŸ§‘ğŸ½â€ğŸ¤â€ğŸ§‘ğŸ½,neutral
ğŸ§‘ğŸ½â€ğŸ¤â€ğŸ§‘ğŸ¾,neutral
ğŸ§‘ğŸ½â€ğŸ¤â€ğŸ§‘ğŸ¿,neutral
ğŸ§‘ğŸ¾â€ğŸ¤â€ğŸ§‘ğŸ»,neutral
ğŸ§‘ğŸ¾â€ğŸ¤â€ğŸ§‘ğŸ¼,neutral
ğŸ§‘ğŸ¾â€ğŸ¤â€ğŸ§‘ğŸ½,neutral
ğŸ§‘ğŸ¾â€ğŸ¤â€ğŸ§‘ğŸ¾,neutral
ğŸ§‘ğŸ¾â€ğŸ¤â€ğŸ§‘ğŸ¿,neutral
ğŸ§‘ğŸ¿â€ğŸ¤â€ğŸ§‘ğŸ»,neutral
ğŸ§‘ğŸ¿â€ğŸ¤â€ğŸ§‘ğŸ¼,neutral
ğŸ§‘ğŸ¿â€ğŸ¤â€ğŸ§‘ğŸ½,neutral
ğŸ§‘ğŸ¿â€ğŸ¤â€ğŸ§‘ğŸ¾,neutral
ğŸ§‘ğŸ¿â€ğŸ¤â€ğŸ§‘ğŸ¿,neutral
ğŸ‘­,neutral
ğŸ‘­ğŸ»,neutral
ğŸ‘©ğŸ»â€ğŸ¤â€ğŸ‘©ğŸ¼,neutral
ğŸ‘©ğŸ»â€ğŸ¤â€ğŸ‘©ğŸ½,neutral
ğŸ‘©ğŸ»â€ğŸ¤â€ğŸ‘©ğŸ¾,neutral
ğŸ‘©ğŸ»â€ğŸ¤â€ğŸ‘©ğŸ¿,neutral
ğŸ‘©ğŸ¼â€ğŸ¤â€ğŸ‘©ğŸ»,neutral
ğŸ‘­ğŸ¼,neutral
ğŸ‘©ğŸ¼â€ğŸ¤â€ğŸ‘©ğŸ½,neutral
ğŸ‘©ğŸ¼â€ğŸ¤â€ğŸ‘©ğŸ¾,neutral
ğŸ‘©ğŸ¼â€ğŸ¤â€ğŸ‘©ğŸ¿,neutral
ğŸ‘©ğŸ½â€ğŸ¤â€ğŸ‘©ğŸ»,neutral
ğŸ‘©ğŸ½â€ğŸ¤â€ğŸ‘©ğŸ¼,neutral
ğŸ‘­ğŸ½,neutral
ğŸ‘©ğŸ½â€ğŸ¤â€ğŸ‘©ğŸ¾,neutral
ğŸ‘©ğŸ½â€ğŸ¤â€ğŸ‘©ğŸ¿,neutral
ğŸ‘©ğŸ¾â€ğŸ¤â€ğŸ‘©ğŸ»,neutral
ğŸ‘©ğŸ¾â€ğŸ¤â€ğŸ‘©ğŸ¼,neutral
ğŸ‘©ğŸ¾â€ğŸ¤â€ğŸ‘©ğŸ½,neutral
ğŸ‘­ğŸ¾,neutral
ğŸ‘©ğŸ¾â€ğŸ¤â€ğŸ‘©ğŸ¿,neutral
ğŸ‘©ğŸ¿â€ğŸ¤â€ğŸ‘©ğŸ»,neutral
ğŸ‘©ğŸ¿â€ğŸ¤â€ğŸ‘©ğŸ¼,neutral
ğŸ‘©ğŸ¿â€ğŸ¤â€ğŸ‘©ğŸ½,neutral
ğŸ‘©ğŸ¿â€ğŸ¤â€ğŸ‘©ğŸ¾,neutral
ğŸ‘­ğŸ¿,neutral
ğŸ‘«,neutral
ğŸ‘«ğŸ»,neutral
ğŸ‘©ğŸ»â€ğŸ¤â€ğŸ‘¨ğŸ¼,neutral
ğŸ‘©ğŸ»â€ğŸ¤â€ğŸ‘¨ğŸ½,neutral
ğŸ‘©ğŸ»â€ğŸ¤â€ğŸ‘¨ğŸ¾,neutral
ğŸ‘©ğŸ»â€ğŸ¤â€ğŸ‘¨ğŸ¿,neutral
ğŸ‘©ğŸ¼â€ğŸ¤â€ğŸ‘¨ğŸ»,neutral
ğŸ‘«ğŸ¼,neutral
ğŸ‘©ğŸ¼â€ğŸ¤â€ğŸ‘¨ğŸ½,neutral
ğŸ‘©ğŸ¼â€ğŸ¤â€ğŸ‘¨ğŸ¾,neutral
ğŸ‘©ğŸ¼â€ğŸ¤â€ğŸ‘¨ğŸ¿,neutral
ğŸ‘©ğŸ½â€ğŸ¤â€ğŸ‘¨ğŸ»,neutral
ğŸ‘©ğŸ½â€ğŸ¤â€ğŸ‘¨ğŸ¼,neutral
ğŸ‘«ğŸ½,neutral
ğŸ‘©ğŸ½â€ğŸ¤â€ğŸ‘¨ğŸ¾,neutral
ğŸ‘©ğŸ½â€ğŸ¤â€ğŸ‘¨ğŸ¿,neutral
ğŸ‘©ğŸ¾â€ğŸ¤â€ğŸ‘¨ğŸ»,neutral
ğŸ‘©ğŸ¾â€ğŸ¤â€ğŸ‘¨ğŸ¼,neutral
ğŸ‘©ğŸ¾â€ğŸ¤â€ğŸ‘¨ğŸ½,neutral
ğŸ‘«ğŸ¾,neutral
ğŸ‘©ğŸ¾â€ğŸ¤â€ğŸ‘¨ğŸ¿,neutral
ğŸ‘©ğŸ¿â€ğŸ¤â€ğŸ‘¨ğŸ»,neutral
ğŸ‘©ğŸ¿â€ğŸ¤â€ğŸ‘¨ğŸ¼,neutral
ğŸ‘©ğŸ¿â€ğŸ¤â€ğŸ‘¨ğŸ½,neutral
ğŸ‘©ğŸ¿â€ğŸ¤â€ğŸ‘¨ğŸ¾,neutral
ğŸ‘«ğŸ¿,neutral
ğŸ‘¬,neutral
ğŸ‘¬ğŸ»,neutral
ğŸ‘¨ğŸ»â€ğŸ¤â€ğŸ‘¨ğŸ¼,neutral
ğŸ‘¨ğŸ»â€ğŸ¤â€ğŸ‘¨ğŸ½,neutral
ğŸ‘¨ğŸ»â€ğŸ¤â€ğŸ‘¨ğŸ¾,neutral
ğŸ‘¨ğŸ»â€ğŸ¤â€ğŸ‘¨ğŸ¿,neutral
ğŸ‘¨ğŸ¼â€ğŸ¤â€ğŸ‘¨ğŸ»,neutral
ğŸ‘¬ğŸ¼,neutral
ğŸ‘¨ğŸ¼â€ğŸ¤â€ğŸ‘¨ğŸ½,neutral
ğŸ‘¨ğŸ¼â€ğŸ¤â€ğŸ‘¨ğŸ¾,neutral
ğŸ‘¨ğŸ¼â€ğŸ¤â€ğŸ‘¨ğŸ¿,neutral
ğŸ‘¨ğŸ½â€ğŸ¤â€ğŸ‘¨ğŸ»,neutral
ğŸ‘¨ğŸ½â€ğŸ¤â€ğŸ‘¨ğŸ¼,neutral
ğŸ‘¬ğŸ½,neutral
ğŸ‘¨ğŸ½â€ğŸ¤â€ğŸ‘¨ğŸ¾,neutral
ğŸ‘¨ğŸ½â€ğŸ¤â€ğŸ‘¨ğŸ¿,neutral
ğŸ‘¨ğŸ¾â€ğŸ¤â€ğŸ‘¨ğŸ»,neutral
ğŸ‘¨ğŸ¾â€ğŸ¤â€ğŸ‘¨ğŸ¼,neutral
ğŸ‘¨ğŸ¾â€ğŸ¤â€ğŸ‘¨ğŸ½,neutral
ğŸ‘¬ğŸ¾,neutral
ğŸ‘¨ğŸ¾â€ğŸ¤â€ğŸ‘¨ğŸ¿,neutral
ğŸ‘¨ğŸ¿â€ğŸ¤â€ğŸ‘¨ğŸ»,neutral
ğŸ‘¨ğŸ¿â€ğŸ¤â€ğŸ‘¨ğŸ¼,neutral
ğŸ‘¨ğŸ¿â€ğŸ¤â€ğŸ‘¨ğŸ½,neutral
ğŸ‘¨ğŸ¿â€ğŸ¤â€ğŸ‘¨ğŸ¾,neutral
ğŸ‘¬ğŸ¿,neutral
ğŸ’,neutral
ğŸ’ğŸ»,neutral
ğŸ’ğŸ¼,neutral
ğŸ’ğŸ½,neutral
ğŸ’ğŸ¾,neutral
ğŸ’ğŸ¿,neutral
ğŸ§‘ğŸ»â€â¤ï¸â€ğŸ’‹â€ğŸ§‘ğŸ¼,neutral
ğŸ§‘ğŸ»â€â¤â€ğŸ’‹â€ğŸ§‘ğŸ¼,neutral
ğŸ§‘ğŸ»â€â¤ï¸â€ğŸ’‹â€ğŸ§‘ğŸ½,neutral
ğŸ§‘ğŸ»â€â¤â€ğŸ’‹â€ğŸ§‘ğŸ½,neutral
ğŸ§‘ğŸ»â€â¤ï¸â€ğŸ’‹â€ğŸ§‘ğŸ¾,neutral
ğŸ§‘ğŸ»â€â¤â€ğŸ’‹â€ğŸ§‘ğŸ¾,neutral
ğŸ§‘ğŸ»â€â¤ï¸â€ğŸ’‹â€ğŸ§‘ğŸ¿,neutral
ğŸ§‘ğŸ»â€â¤â€ğŸ’‹â€ğŸ§‘ğŸ¿,neutral
ğŸ§‘ğŸ¼â€â¤ï¸â€ğŸ’‹â€ğŸ§‘ğŸ»,neutral
ğŸ§‘ğŸ¼â€â¤â€ğŸ’‹â€ğŸ§‘ğŸ»,neutral
ğŸ§‘ğŸ¼â€â¤ï¸â€ğŸ’‹â€ğŸ§‘ğŸ½,neutral
ğŸ§‘ğŸ¼â€â¤â€ğŸ’‹â€ğŸ§‘ğŸ½,neutral
ğŸ§‘ğŸ¼â€â¤ï¸â€ğŸ’‹â€ğŸ§‘ğŸ¾,neutral
ğŸ§‘ğŸ¼â€â¤â€ğŸ’‹â€ğŸ§‘ğŸ¾,neutral
ğŸ§‘ğŸ¼â€â¤ï¸â€ğŸ’‹â€ğŸ§‘ğŸ¿,neutral
ğŸ§‘ğŸ¼â€â¤â€ğŸ’‹â€ğŸ§‘ğŸ¿,neutral
ğŸ§‘ğŸ½â€â¤ï¸â€ğŸ’‹â€ğŸ§‘ğŸ»,neutral
ğŸ§‘ğŸ½â€â¤â€ğŸ’‹â€ğŸ§‘ğŸ»,neutral
ğŸ§‘ğŸ½â€â¤ï¸â€ğŸ’‹â€ğŸ§‘ğŸ¼,neutral
ğŸ§‘ğŸ½â€â¤â€ğŸ’‹â€ğŸ§‘ğŸ¼,neutral
ğŸ§‘ğŸ½â€â¤ï¸â€ğŸ’‹â€ğŸ§‘ğŸ¾,neutral
ğŸ§‘ğŸ½â€â¤â€ğŸ’‹â€ğŸ§‘ğŸ¾,neutral
ğŸ§‘ğŸ½â€â¤ï¸â€ğŸ’‹â€ğŸ§‘ğŸ¿,neutral
ğŸ§‘ğŸ½â€â¤â€ğŸ’‹â€ğŸ§‘ğŸ¿,neutral
ğŸ§‘ğŸ¾â€â¤ï¸â€ğŸ’‹â€ğŸ§‘ğŸ»,neutral
ğŸ§‘ğŸ¾â€â¤â€ğŸ’‹â€ğŸ§‘ğŸ»,neutral
ğŸ§‘ğŸ¾â€â¤ï¸â€ğŸ’‹â€ğŸ§‘ğŸ¼,neutral
ğŸ§‘ğŸ¾â€â¤â€ğŸ’‹â€ğŸ§‘ğŸ¼,neutral
ğŸ§‘ğŸ¾â€â¤ï¸â€ğŸ’‹â€ğŸ§‘ğŸ½,neutral
ğŸ§‘ğŸ¾â€â¤â€ğŸ’‹â€ğŸ§‘ğŸ½,neutral
ğŸ§‘ğŸ¾â€â¤ï¸â€ğŸ’‹â€ğŸ§‘ğŸ¿,neutral
ğŸ§‘ğŸ¾â€â¤â€ğŸ’‹â€ğŸ§‘ğŸ¿,neutral
ğŸ§‘ğŸ¿â€â¤ï¸â€ğŸ’‹â€ğŸ§‘ğŸ»,neutral
ğŸ§‘ğŸ¿â€â¤â€ğŸ’‹â€ğŸ§‘ğŸ»,neutral
ğŸ§‘ğŸ¿â€â¤ï¸â€ğŸ’‹â€ğŸ§‘ğŸ¼,neutral
ğŸ§‘ğŸ¿â€â¤â€ğŸ’‹â€ğŸ§‘ğŸ¼,neutral
ğŸ§‘ğŸ¿â€â¤ï¸â€ğŸ’‹â€ğŸ§‘ğŸ½,neutral
ğŸ§‘ğŸ¿â€â¤â€ğŸ’‹â€ğŸ§‘ğŸ½,neutral
ğŸ§‘ğŸ¿â€â¤ï¸â€ğŸ’‹â€ğŸ§‘ğŸ¾,neutral
ğŸ§‘ğŸ¿â€â¤â€ğŸ’‹â€ğŸ§‘ğŸ¾,neutral
ğŸ‘©â€â¤ï¸â€ğŸ’‹â€ğŸ‘¨,neutral
ğŸ‘©â€â¤â€ğŸ’‹â€ğŸ‘¨,neutral
ğŸ‘©ğŸ»â€â¤ï¸â€ğŸ’‹â€ğŸ‘¨ğŸ»,neutral
ğŸ‘©ğŸ»â€â¤â€ğŸ’‹â€ğŸ‘¨ğŸ»,neutral
ğŸ‘©ğŸ»â€â¤ï¸â€ğŸ’‹â€ğŸ‘¨ğŸ¼,neutral
ğŸ‘©ğŸ»â€â¤â€ğŸ’‹â€ğŸ‘¨ğŸ¼,neutral
ğŸ‘©ğŸ»â€â¤ï¸â€ğŸ’‹â€ğŸ‘¨ğŸ½,neutral
ğŸ‘©ğŸ»â€â¤â€ğŸ’‹â€ğŸ‘¨ğŸ½,neutral
ğŸ‘©ğŸ»â€â¤ï¸â€ğŸ’‹â€ğŸ‘¨ğŸ¾,neutral
ğŸ‘©ğŸ»â€â¤â€ğŸ’‹â€ğŸ‘¨ğŸ¾,neutral
ğŸ‘©ğŸ»â€â¤ï¸â€ğŸ’‹â€ğŸ‘¨ğŸ¿,neutral
ğŸ‘©ğŸ»â€â¤â€ğŸ’‹â€ğŸ‘¨ğŸ¿,neutral
ğŸ‘©ğŸ¼â€â¤ï¸â€ğŸ’‹â€ğŸ‘¨ğŸ»,neutral
ğŸ‘©ğŸ¼â€â¤â€ğŸ’‹â€ğŸ‘¨ğŸ»,neutral
ğŸ‘©ğŸ¼â€â¤ï¸â€ğŸ’‹â€ğŸ‘¨ğŸ¼,neutral
ğŸ‘©ğŸ¼â€â¤â€ğŸ’‹â€ğŸ‘¨ğŸ¼,neutral
ğŸ‘©ğŸ¼â€â¤ï¸â€ğŸ’‹â€ğŸ‘¨ğŸ½,neutral
ğŸ‘©ğŸ¼â€â¤â€ğŸ’‹â€ğŸ‘¨ğŸ½,neutral
ğŸ‘©ğŸ¼â€â¤ï¸â€ğŸ’‹â€ğŸ‘¨ğŸ¾,neutral
ğŸ‘©ğŸ¼â€â¤â€ğŸ’‹â€ğŸ‘¨ğŸ¾,neutral
ğŸ‘©ğŸ¼â€â¤ï¸â€ğŸ’‹â€ğŸ‘¨ğŸ¿,neutral
ğŸ‘©ğŸ¼â€â¤â€ğŸ’‹â€ğŸ‘¨ğŸ¿,neutral
ğŸ‘©ğŸ½â€â¤ï¸â€ğŸ’‹â€ğŸ‘¨ğŸ»,neutral
ğŸ‘©ğŸ½â€â¤â€ğŸ’‹â€ğŸ‘¨ğŸ»,neutral
ğŸ‘©ğŸ½â€â¤ï¸â€ğŸ’‹â€ğŸ‘¨ğŸ¼,neutral
ğŸ‘©ğŸ½â€â¤â€ğŸ’‹â€ğŸ‘¨ğŸ¼,neutral
ğŸ‘©ğŸ½â€â¤ï¸â€ğŸ’‹â€ğŸ‘¨ğŸ½,neutral
ğŸ‘©ğŸ½â€â¤â€ğŸ’‹â€ğŸ‘¨ğŸ½,neutral
ğŸ‘©ğŸ½â€â¤ï¸â€ğŸ’‹â€ğŸ‘¨ğŸ¾,neutral
ğŸ‘©ğŸ½â€â¤â€ğŸ’‹â€ğŸ‘¨ğŸ¾,neutral
ğŸ‘©ğŸ½â€â¤ï¸â€ğŸ’‹â€ğŸ‘¨ğŸ¿,neutral
ğŸ‘©ğŸ½â€â¤â€ğŸ’‹â€ğŸ‘¨ğŸ¿,neutral
ğŸ‘©ğŸ¾â€â¤ï¸â€ğŸ’‹â€ğŸ‘¨ğŸ»,neutral
ğŸ‘©ğŸ¾â€â¤â€ğŸ’‹â€ğŸ‘¨ğŸ»,neutral
ğŸ‘©ğŸ¾â€â¤ï¸â€ğŸ’‹â€ğŸ‘¨ğŸ¼,neutral
ğŸ‘©ğŸ¾â€â¤â€ğŸ’‹â€ğŸ‘¨ğŸ¼,neutral
ğŸ‘©ğŸ¾â€â¤ï¸â€ğŸ’‹â€ğŸ‘¨ğŸ½,neutral
ğŸ‘©ğŸ¾â€â¤â€ğŸ’‹â€ğŸ‘¨ğŸ½,neutral
ğŸ‘©ğŸ¾â€â¤ï¸â€ğŸ’‹â€ğŸ‘¨ğŸ¾,neutral
ğŸ‘©ğŸ¾â€â¤â€ğŸ’‹â€ğŸ‘¨ğŸ¾,neutral
ğŸ‘©ğŸ¾â€â¤ï¸â€ğŸ’‹â€ğŸ‘¨ğŸ¿,neutral
ğŸ‘©ğŸ¾â€â¤â€ğŸ’‹â€ğŸ‘¨ğŸ¿,neutral
ğŸ‘©ğŸ¿â€â¤ï¸â€ğŸ’‹â€ğŸ‘¨ğŸ»,neutral
ğŸ‘©ğŸ¿â€â¤â€ğŸ’‹â€ğŸ‘¨ğŸ»,neutral
ğŸ‘©ğŸ¿â€â¤ï¸â€ğŸ’‹â€ğŸ‘¨ğŸ¼,neutral
ğŸ‘©ğŸ¿â€â¤â€ğŸ’‹â€ğŸ‘¨ğŸ¼,neutral
ğŸ‘©ğŸ¿â€â¤ï¸â€ğŸ’‹â€ğŸ‘¨ğŸ½,neutral
ğŸ‘©ğŸ¿â€â¤â€ğŸ’‹â€ğŸ‘¨ğŸ½,neutral
ğŸ‘©ğŸ¿â€â¤ï¸â€ğŸ’‹â€ğŸ‘¨ğŸ¾,neutral
ğŸ‘©ğŸ¿â€â¤â€ğŸ’‹â€ğŸ‘¨ğŸ¾,neutral
ğŸ‘©ğŸ¿â€â¤ï¸â€ğŸ’‹â€ğŸ‘¨ğŸ¿,neutral
ğŸ‘©ğŸ¿â€â¤â€ğŸ’‹â€ğŸ‘¨ğŸ¿,neutral
ğŸ‘¨â€â¤ï¸â€ğŸ’‹â€ğŸ‘¨,neutral
ğŸ‘¨â€â¤â€ğŸ’‹â€ğŸ‘¨,neutral
ğŸ‘¨ğŸ»â€â¤ï¸â€ğŸ’‹â€ğŸ‘¨ğŸ»,neutral
ğŸ‘¨ğŸ»â€â¤â€ğŸ’‹â€ğŸ‘¨ğŸ»,neutral
ğŸ‘¨ğŸ»â€â¤ï¸â€ğŸ’‹â€ğŸ‘¨ğŸ¼,neutral
ğŸ‘¨ğŸ»â€â¤â€ğŸ’‹â€ğŸ‘¨ğŸ¼,neutral
ğŸ‘¨ğŸ»â€â¤ï¸â€ğŸ’‹â€ğŸ‘¨ğŸ½,neutral
ğŸ‘¨ğŸ»â€â¤â€ğŸ’‹â€ğŸ‘¨ğŸ½,neutral
ğŸ‘¨ğŸ»â€â¤ï¸â€ğŸ’‹â€ğŸ‘¨ğŸ¾,neutral
ğŸ‘¨ğŸ»â€â¤â€ğŸ’‹â€ğŸ‘¨ğŸ¾,neutral
ğŸ‘¨ğŸ»â€â¤ï¸â€ğŸ’‹â€ğŸ‘¨ğŸ¿,neutral
ğŸ‘¨ğŸ»â€â¤â€ğŸ’‹â€ğŸ‘¨ğŸ¿,neutral
ğŸ‘¨ğŸ¼â€â¤ï¸â€ğŸ’‹â€ğŸ‘¨ğŸ»,neutral
ğŸ‘¨ğŸ¼â€â¤â€ğŸ’‹â€ğŸ‘¨ğŸ»,neutral
ğŸ‘¨ğŸ¼â€â¤ï¸â€ğŸ’‹â€ğŸ‘¨ğŸ¼,neutral
ğŸ‘¨ğŸ¼â€â¤â€ğŸ’‹â€ğŸ‘¨ğŸ¼,neutral
ğŸ‘¨ğŸ¼â€â¤ï¸â€ğŸ’‹â€ğŸ‘¨ğŸ½,neutral
ğŸ‘¨ğŸ¼â€â¤â€ğŸ’‹â€ğŸ‘¨ğŸ½,neutral
ğŸ‘¨ğŸ¼â€â¤ï¸â€ğŸ’‹â€ğŸ‘¨ğŸ¾,neutral
ğŸ‘¨ğŸ¼â€â¤â€ğŸ’‹â€ğŸ‘¨ğŸ¾,neutral
ğŸ‘¨ğŸ¼â€â¤ï¸â€ğŸ’‹â€ğŸ‘¨ğŸ¿,neutral
ğŸ‘¨ğŸ¼â€â¤â€ğŸ’‹â€ğŸ‘¨ğŸ¿,neutral
ğŸ‘¨ğŸ½â€â¤ï¸â€ğŸ’‹â€ğŸ‘¨ğŸ»,neutral
ğŸ‘¨ğŸ½â€â¤â€ğŸ’‹â€ğŸ‘¨ğŸ»,neutral
ğŸ‘¨ğŸ½â€â¤ï¸â€ğŸ’‹â€ğŸ‘¨ğŸ¼,neutral
ğŸ‘¨ğŸ½â€â¤â€ğŸ’‹â€ğŸ‘¨ğŸ¼,neutral
ğŸ‘¨ğŸ½â€â¤ï¸â€ğŸ’‹â€ğŸ‘¨ğŸ½,neutral
ğŸ‘¨ğŸ½â€â¤â€ğŸ’‹â€ğŸ‘¨ğŸ½,neutral
ğŸ‘¨ğŸ½â€â¤ï¸â€ğŸ’‹â€ğŸ‘¨ğŸ¾,neutral
ğŸ‘¨ğŸ½â€â¤â€ğŸ’‹â€ğŸ‘¨ğŸ¾,neutral
ğŸ‘¨ğŸ½â€â¤ï¸â€ğŸ’‹â€ğŸ‘¨ğŸ¿,neutral
ğŸ‘¨ğŸ½â€â¤â€ğŸ’‹â€ğŸ‘¨ğŸ¿,neutral
ğŸ‘¨ğŸ¾â€â¤ï¸â€ğŸ’‹â€ğŸ‘¨ğŸ»,neutral
ğŸ‘¨ğŸ¾â€â¤â€ğŸ’‹â€ğŸ‘¨ğŸ»,neutral
ğŸ‘¨ğŸ¾â€â¤ï¸â€ğŸ’‹â€ğŸ‘¨ğŸ¼,neutral
ğŸ‘¨ğŸ¾â€â¤â€ğŸ’‹â€ğŸ‘¨ğŸ¼,neutral
ğŸ‘¨ğŸ¾â€â¤ï¸â€ğŸ’‹â€ğŸ‘¨ğŸ½,neutral
ğŸ‘¨ğŸ¾â€â¤â€ğŸ’‹â€ğŸ‘¨ğŸ½,neutral
ğŸ‘¨ğŸ¾â€â¤ï¸â€ğŸ’‹â€ğŸ‘¨ğŸ¾,neutral
ğŸ‘¨ğŸ¾â€â¤â€ğŸ’‹â€ğŸ‘¨ğŸ¾,neutral
ğŸ‘¨ğŸ¾â€â¤ï¸â€ğŸ’‹â€ğŸ‘¨ğŸ¿,neutral
ğŸ‘¨ğŸ¾â€â¤â€ğŸ’‹â€ğŸ‘¨ğŸ¿,neutral
ğŸ‘¨ğŸ¿â€â¤ï¸â€ğŸ’‹â€ğŸ‘¨ğŸ»,neutral
ğŸ‘¨ğŸ¿â€â¤â€ğŸ’‹â€ğŸ‘¨ğŸ»,neutral
ğŸ‘¨ğŸ¿â€â¤ï¸â€ğŸ’‹â€ğŸ‘¨ğŸ¼,neutral
ğŸ‘¨ğŸ¿â€â¤â€ğŸ’‹â€ğŸ‘¨ğŸ¼,neutral
ğŸ‘¨ğŸ¿â€â¤ï¸â€ğŸ’‹â€ğŸ‘¨ğŸ½,neutral
ğŸ‘¨ğŸ¿â€â¤â€ğŸ’‹â€ğŸ‘¨ğŸ½,neutral
ğŸ‘¨ğŸ¿â€â¤ï¸â€ğŸ’‹â€ğŸ‘¨ğŸ¾,neutral
ğŸ‘¨ğŸ¿â€â¤â€ğŸ’‹â€ğŸ‘¨ğŸ¾,neutral
ğŸ‘¨ğŸ¿â€â¤ï¸â€ğŸ’‹â€ğŸ‘¨ğŸ¿,neutral
ğŸ‘¨ğŸ¿â€â¤â€ğŸ’‹â€ğŸ‘¨ğŸ¿,neutral
ğŸ‘©â€â¤ï¸â€ğŸ’‹â€ğŸ‘©,neutral
ğŸ‘©â€â¤â€ğŸ’‹â€ğŸ‘©,neutral
ğŸ‘©ğŸ»â€â¤ï¸â€ğŸ’‹â€ğŸ‘©ğŸ»,neutral
ğŸ‘©ğŸ»â€â¤â€ğŸ’‹â€ğŸ‘©ğŸ»,neutral
ğŸ‘©ğŸ»â€â¤ï¸â€ğŸ’‹â€ğŸ‘©ğŸ¼,neutral
ğŸ‘©ğŸ»â€â¤â€ğŸ’‹â€ğŸ‘©ğŸ¼,neutral
ğŸ‘©ğŸ»â€â¤ï¸â€ğŸ’‹â€ğŸ‘©ğŸ½,neutral
ğŸ‘©ğŸ»â€â¤â€ğŸ’‹â€ğŸ‘©ğŸ½,neutral
ğŸ‘©ğŸ»â€â¤ï¸â€ğŸ’‹â€ğŸ‘©ğŸ¾,neutral
ğŸ‘©ğŸ»â€â¤â€ğŸ’‹â€ğŸ‘©ğŸ¾,neutral
ğŸ‘©ğŸ»â€â¤ï¸â€ğŸ’‹â€ğŸ‘©ğŸ¿,neutral
ğŸ‘©ğŸ»â€â¤â€ğŸ’‹â€ğŸ‘©ğŸ¿,neutral
ğŸ‘©ğŸ¼â€â¤ï¸â€ğŸ’‹â€ğŸ‘©ğŸ»,neutral
ğŸ‘©ğŸ¼â€â¤â€ğŸ’‹â€ğŸ‘©ğŸ»,neutral
ğŸ‘©ğŸ¼â€â¤ï¸â€ğŸ’‹â€ğŸ‘©ğŸ¼,neutral
ğŸ‘©ğŸ¼â€â¤â€ğŸ’‹â€ğŸ‘©ğŸ¼,neutral
ğŸ‘©ğŸ¼â€â¤ï¸â€ğŸ’‹â€ğŸ‘©ğŸ½,neutral
ğŸ‘©ğŸ¼â€â¤â€ğŸ’‹â€ğŸ‘©ğŸ½,neutral
ğŸ‘©ğŸ¼â€â¤ï¸â€ğŸ’‹â€ğŸ‘©ğŸ¾,neutral
ğŸ‘©ğŸ¼â€â¤â€ğŸ’‹â€ğŸ‘©ğŸ¾,neutral
ğŸ‘©ğŸ¼â€â¤ï¸â€ğŸ’‹â€ğŸ‘©ğŸ¿,neutral
ğŸ‘©ğŸ¼â€â¤â€ğŸ’‹â€ğŸ‘©ğŸ¿,neutral
ğŸ‘©ğŸ½â€â¤ï¸â€ğŸ’‹â€ğŸ‘©ğŸ»,neutral
ğŸ‘©ğŸ½â€â¤â€ğŸ’‹â€ğŸ‘©ğŸ»,neutral
ğŸ‘©ğŸ½â€â¤ï¸â€ğŸ’‹â€ğŸ‘©ğŸ¼,neutral
ğŸ‘©ğŸ½â€â¤â€ğŸ’‹â€ğŸ‘©ğŸ¼,neutral
ğŸ‘©ğŸ½â€â¤ï¸â€ğŸ’‹â€ğŸ‘©ğŸ½,neutral
ğŸ‘©ğŸ½â€â¤â€ğŸ’‹â€ğŸ‘©ğŸ½,neutral
ğŸ‘©ğŸ½â€â¤ï¸â€ğŸ’‹â€ğŸ‘©ğŸ¾,neutral
ğŸ‘©ğŸ½â€â¤â€ğŸ’‹â€ğŸ‘©ğŸ¾,neutral
ğŸ‘©ğŸ½â€â¤ï¸â€ğŸ’‹â€ğŸ‘©ğŸ¿,neutral
ğŸ‘©ğŸ½â€â¤â€ğŸ’‹â€ğŸ‘©ğŸ¿,neutral
ğŸ‘©ğŸ¾â€â¤ï¸â€ğŸ’‹â€ğŸ‘©ğŸ»,neutral
ğŸ‘©ğŸ¾â€â¤â€ğŸ’‹â€ğŸ‘©ğŸ»,neutral
ğŸ‘©ğŸ¾â€â¤ï¸â€ğŸ’‹â€ğŸ‘©ğŸ¼,neutral
ğŸ‘©ğŸ¾â€â¤â€ğŸ’‹â€ğŸ‘©ğŸ¼,neutral
ğŸ‘©ğŸ¾â€â¤ï¸â€ğŸ’‹â€ğŸ‘©ğŸ½,neutral
ğŸ‘©ğŸ¾â€â¤â€ğŸ’‹â€ğŸ‘©ğŸ½,neutral
ğŸ‘©ğŸ¾â€â¤ï¸â€ğŸ’‹â€ğŸ‘©ğŸ¾,neutral
ğŸ‘©ğŸ¾â€â¤â€ğŸ’‹â€ğŸ‘©ğŸ¾,neutral
ğŸ‘©ğŸ¾â€â¤ï¸â€ğŸ’‹â€ğŸ‘©ğŸ¿,neutral
ğŸ‘©ğŸ¾â€â¤â€ğŸ’‹â€ğŸ‘©ğŸ¿,neutral
ğŸ‘©ğŸ¿â€â¤ï¸â€ğŸ’‹â€ğŸ‘©ğŸ»,neutral
ğŸ‘©ğŸ¿â€â¤â€ğŸ’‹â€ğŸ‘©ğŸ»,neutral
ğŸ‘©ğŸ¿â€â¤ï¸â€ğŸ’‹â€ğŸ‘©ğŸ¼,neutral
ğŸ‘©ğŸ¿â€â¤â€ğŸ’‹â€ğŸ‘©ğŸ¼,neutral
ğŸ‘©ğŸ¿â€â¤ï¸â€ğŸ’‹â€ğŸ‘©ğŸ½,neutral
ğŸ‘©ğŸ¿â€â¤â€ğŸ’‹â€ğŸ‘©ğŸ½,neutral
ğŸ‘©ğŸ¿â€â¤ï¸â€ğŸ’‹â€ğŸ‘©ğŸ¾,neutral
ğŸ‘©ğŸ¿â€â¤â€ğŸ’‹â€ğŸ‘©ğŸ¾,neutral
ğŸ‘©ğŸ¿â€â¤ï¸â€ğŸ’‹â€ğŸ‘©ğŸ¿,neutral
ğŸ‘©ğŸ¿â€â¤â€ğŸ’‹â€ğŸ‘©ğŸ¿,neutral
ğŸ’‘,neutral
ğŸ’‘ğŸ»,neutral
ğŸ’‘ğŸ¼,neutral
ğŸ’‘ğŸ½,neutral
ğŸ’‘ğŸ¾,neutral
ğŸ’‘ğŸ¿,neutral
ğŸ§‘ğŸ»â€â¤ï¸â€ğŸ§‘ğŸ¼,neutral
ğŸ§‘ğŸ»â€â¤â€ğŸ§‘ğŸ¼,neutral
ğŸ§‘ğŸ»â€â¤ï¸â€ğŸ§‘ğŸ½,neutral
ğŸ§‘ğŸ»â€â¤â€ğŸ§‘ğŸ½,neutral
ğŸ§‘ğŸ»â€â¤ï¸â€ğŸ§‘ğŸ¾,neutral
ğŸ§‘ğŸ»â€â¤â€ğŸ§‘ğŸ¾,neutral
ğŸ§‘ğŸ»â€â¤ï¸â€ğŸ§‘ğŸ¿,neutral
ğŸ§‘ğŸ»â€â¤â€ğŸ§‘ğŸ¿,neutral
ğŸ§‘ğŸ¼â€â¤ï¸â€ğŸ§‘ğŸ»,neutral
ğŸ§‘ğŸ¼â€â¤â€ğŸ§‘ğŸ»,neutral
ğŸ§‘ğŸ¼â€â¤ï¸â€ğŸ§‘ğŸ½,neutral
ğŸ§‘ğŸ¼â€â¤â€ğŸ§‘ğŸ½,neutral
ğŸ§‘ğŸ¼â€â¤ï¸â€ğŸ§‘ğŸ¾,neutral
ğŸ§‘ğŸ¼â€â¤â€ğŸ§‘ğŸ¾,neutral
ğŸ§‘ğŸ¼â€â¤ï¸â€ğŸ§‘ğŸ¿,neutral
ğŸ§‘ğŸ¼â€â¤â€ğŸ§‘ğŸ¿,neutral
ğŸ§‘ğŸ½â€â¤ï¸â€ğŸ§‘ğŸ»,neutral
ğŸ§‘ğŸ½â€â¤â€ğŸ§‘ğŸ»,neutral
ğŸ§‘ğŸ½â€â¤ï¸â€ğŸ§‘ğŸ¼,neutral
ğŸ§‘ğŸ½â€â¤â€ğŸ§‘ğŸ¼,neutral
ğŸ§‘ğŸ½â€â¤ï¸â€ğŸ§‘ğŸ¾,neutral
ğŸ§‘ğŸ½â€â¤â€ğŸ§‘ğŸ¾,neutral
ğŸ§‘ğŸ½â€â¤ï¸â€ğŸ§‘ğŸ¿,neutral
ğŸ§‘ğŸ½â€â¤â€ğŸ§‘ğŸ¿,neutral
ğŸ§‘ğŸ¾â€â¤ï¸â€ğŸ§‘ğŸ»,neutral
ğŸ§‘ğŸ¾â€â¤â€ğŸ§‘ğŸ»,neutral
ğŸ§‘ğŸ¾â€â¤ï¸â€ğŸ§‘ğŸ¼,neutral
ğŸ§‘ğŸ¾â€â¤â€ğŸ§‘ğŸ¼,neutral
ğŸ§‘ğŸ¾â€â¤ï¸â€ğŸ§‘ğŸ½,neutral
ğŸ§‘ğŸ¾â€â¤â€ğŸ§‘ğŸ½,neutral
ğŸ§‘ğŸ¾â€â¤ï¸â€ğŸ§‘ğŸ¿,neutral
ğŸ§‘ğŸ¾â€â¤â€ğŸ§‘ğŸ¿,neutral
ğŸ§‘ğŸ¿â€â¤ï¸â€ğŸ§‘ğŸ»,neutral
ğŸ§‘ğŸ¿â€â¤â€ğŸ§‘ğŸ»,neutral
ğŸ§‘ğŸ¿â€â¤ï¸â€ğŸ§‘ğŸ¼,neutral
ğŸ§‘ğŸ¿â€â¤â€ğŸ§‘ğŸ¼,neutral
ğŸ§‘ğŸ¿â€â¤ï¸â€ğŸ§‘ğŸ½,neutral
ğŸ§‘ğŸ¿â€â¤â€ğŸ§‘ğŸ½,neutral
ğŸ§‘ğŸ¿â€â¤ï¸â€ğŸ§‘ğŸ¾,neutral
ğŸ§‘ğŸ¿â€â¤â€ğŸ§‘ğŸ¾,neutral
ğŸ‘©â€â¤ï¸â€ğŸ‘¨,neutral
ğŸ‘©â€â¤â€ğŸ‘¨,neutral
ğŸ‘©ğŸ»â€â¤ï¸â€ğŸ‘¨ğŸ»,neutral
ğŸ‘©ğŸ»â€â¤â€ğŸ‘¨ğŸ»,neutral
ğŸ‘©ğŸ»â€â¤ï¸â€ğŸ‘¨ğŸ¼,neutral
ğŸ‘©ğŸ»â€â¤â€ğŸ‘¨ğŸ¼,neutral
ğŸ‘©ğŸ»â€â¤ï¸â€ğŸ‘¨ğŸ½,neutral
ğŸ‘©ğŸ»â€â¤â€ğŸ‘¨ğŸ½,neutral
ğŸ‘©ğŸ»â€â¤ï¸â€ğŸ‘¨ğŸ¾,neutral
ğŸ‘©ğŸ»â€â¤â€ğŸ‘¨ğŸ¾,neutral
ğŸ‘©ğŸ»â€â¤ï¸â€ğŸ‘¨ğŸ¿,neutral
ğŸ‘©ğŸ»â€â¤â€ğŸ‘¨ğŸ¿,neutral
ğŸ‘©ğŸ¼â€â¤ï¸â€ğŸ‘¨ğŸ»,neutral
ğŸ‘©ğŸ¼â€â¤â€ğŸ‘¨ğŸ»,neutral
ğŸ‘©ğŸ¼â€â¤ï¸â€ğŸ‘¨ğŸ¼,neutral
ğŸ‘©ğŸ¼â€â¤â€ğŸ‘¨ğŸ¼,neutral
ğŸ‘©ğŸ¼â€â¤ï¸â€ğŸ‘¨ğŸ½,neutral
ğŸ‘©ğŸ¼â€â¤â€ğŸ‘¨ğŸ½,neutral
ğŸ‘©ğŸ¼â€â¤ï¸â€ğŸ‘¨ğŸ¾,neutral
ğŸ‘©ğŸ¼â€â¤â€ğŸ‘¨ğŸ¾,neutral
ğŸ‘©ğŸ¼â€â¤ï¸â€ğŸ‘¨ğŸ¿,neutral
ğŸ‘©ğŸ¼â€â¤â€ğŸ‘¨ğŸ¿,neutral
ğŸ‘©ğŸ½â€â¤ï¸â€ğŸ‘¨ğŸ»,neutral
ğŸ‘©ğŸ½â€â¤â€ğŸ‘¨ğŸ»,neutral
ğŸ‘©ğŸ½â€â¤ï¸â€ğŸ‘¨ğŸ¼,neutral
ğŸ‘©ğŸ½â€â¤â€ğŸ‘¨ğŸ¼,neutral
ğŸ‘©ğŸ½â€â¤ï¸â€ğŸ‘¨ğŸ½,neutral
ğŸ‘©ğŸ½â€â¤â€ğŸ‘¨ğŸ½,neutral
ğŸ‘©ğŸ½â€â¤ï¸â€ğŸ‘¨ğŸ¾,neutral
ğŸ‘©ğŸ½â€â¤â€ğŸ‘¨ğŸ¾,neutral
ğŸ‘©ğŸ½â€â¤ï¸â€ğŸ‘¨ğŸ¿,neutral
ğŸ‘©ğŸ½â€â¤â€ğŸ‘¨ğŸ¿,neutral
ğŸ‘©ğŸ¾â€â¤ï¸â€ğŸ‘¨ğŸ»,neutral
ğŸ‘©ğŸ¾â€â¤â€ğŸ‘¨ğŸ»,neutral
ğŸ‘©ğŸ¾â€â¤ï¸â€ğŸ‘¨ğŸ¼,neutral
ğŸ‘©ğŸ¾â€â¤â€ğŸ‘¨ğŸ¼,neutral
ğŸ‘©ğŸ¾â€â¤ï¸â€ğŸ‘¨ğŸ½,neutral
ğŸ‘©ğŸ¾â€â¤â€ğŸ‘¨ğŸ½,neutral
ğŸ‘©ğŸ¾â€â¤ï¸â€ğŸ‘¨ğŸ¾,neutral
ğŸ‘©ğŸ¾â€â¤â€ğŸ‘¨ğŸ¾,neutral
ğŸ‘©ğŸ¾â€â¤ï¸â€ğŸ‘¨ğŸ¿,neutral
ğŸ‘©ğŸ¾â€â¤â€ğŸ‘¨ğŸ¿,neutral
ğŸ‘©ğŸ¿â€â¤ï¸â€ğŸ‘¨ğŸ»,neutral
ğŸ‘©ğŸ¿â€â¤â€ğŸ‘¨ğŸ»,neutral
ğŸ‘©ğŸ¿â€â¤ï¸â€ğŸ‘¨ğŸ¼,neutral
ğŸ‘©ğŸ¿â€â¤â€ğŸ‘¨ğŸ¼,neutral
ğŸ‘©ğŸ¿â€â¤ï¸â€ğŸ‘¨ğŸ½,neutral
ğŸ‘©ğŸ¿â€â¤â€ğŸ‘¨ğŸ½,neutral
ğŸ‘©ğŸ¿â€â¤ï¸â€ğŸ‘¨ğŸ¾,neutral
ğŸ‘©ğŸ¿â€â¤â€ğŸ‘¨ğŸ¾,neutral
ğŸ‘©ğŸ¿â€â¤ï¸â€ğŸ‘¨ğŸ¿,neutral
ğŸ‘©ğŸ¿â€â¤â€ğŸ‘¨ğŸ¿,neutral
ğŸ‘¨â€â¤ï¸â€ğŸ‘¨,neutral
ğŸ‘¨â€â¤â€ğŸ‘¨,neutral
ğŸ‘¨ğŸ»â€â¤ï¸â€ğŸ‘¨ğŸ»,neutral
ğŸ‘¨ğŸ»â€â¤â€ğŸ‘¨ğŸ»,neutral
ğŸ‘¨ğŸ»â€â¤ï¸â€ğŸ‘¨ğŸ¼,neutral
ğŸ‘¨ğŸ»â€â¤â€ğŸ‘¨ğŸ¼,neutral
ğŸ‘¨ğŸ»â€â¤ï¸â€ğŸ‘¨ğŸ½,neutral
ğŸ‘¨ğŸ»â€â¤â€ğŸ‘¨ğŸ½,neutral
ğŸ‘¨ğŸ»â€â¤ï¸â€ğŸ‘¨ğŸ¾,neutral
ğŸ‘¨ğŸ»â€â¤â€ğŸ‘¨ğŸ¾,neutral
ğŸ‘¨ğŸ»â€â¤ï¸â€ğŸ‘¨ğŸ¿,neutral
ğŸ‘¨ğŸ»â€â¤â€ğŸ‘¨ğŸ¿,neutral
ğŸ‘¨ğŸ¼â€â¤ï¸â€ğŸ‘¨ğŸ»,neutral
ğŸ‘¨ğŸ¼â€â¤â€ğŸ‘¨ğŸ»,neutral
ğŸ‘¨ğŸ¼â€â¤ï¸â€ğŸ‘¨ğŸ¼,neutral
ğŸ‘¨ğŸ¼â€â¤â€ğŸ‘¨ğŸ¼,neutral
ğŸ‘¨ğŸ¼â€â¤ï¸â€ğŸ‘¨ğŸ½,neutral
ğŸ‘¨ğŸ¼â€â¤â€ğŸ‘¨ğŸ½,neutral
ğŸ‘¨ğŸ¼â€â¤ï¸â€ğŸ‘¨ğŸ¾,neutral
ğŸ‘¨ğŸ¼â€â¤â€ğŸ‘¨ğŸ¾,neutral
ğŸ‘¨ğŸ¼â€â¤ï¸â€ğŸ‘¨ğŸ¿,neutral
ğŸ‘¨ğŸ¼â€â¤â€ğŸ‘¨ğŸ¿,neutral
ğŸ‘¨ğŸ½â€â¤ï¸â€ğŸ‘¨ğŸ»,neutral
ğŸ‘¨ğŸ½â€â¤â€ğŸ‘¨ğŸ»,neutral
ğŸ‘¨ğŸ½â€â¤ï¸â€ğŸ‘¨ğŸ¼,neutral
ğŸ‘¨ğŸ½â€â¤â€ğŸ‘¨ğŸ¼,neutral
ğŸ‘¨ğŸ½â€â¤ï¸â€ğŸ‘¨ğŸ½,neutral
ğŸ‘¨ğŸ½â€â¤â€ğŸ‘¨ğŸ½,neutral
ğŸ‘¨ğŸ½â€â¤ï¸â€ğŸ‘¨ğŸ¾,neutral
ğŸ‘¨ğŸ½â€â¤â€ğŸ‘¨ğŸ¾,neutral
ğŸ‘¨ğŸ½â€â¤ï¸â€ğŸ‘¨ğŸ¿,neutral
ğŸ‘¨ğŸ½â€â¤â€ğŸ‘¨ğŸ¿,neutral
ğŸ‘¨ğŸ¾â€â¤ï¸â€ğŸ‘¨ğŸ»,neutral
ğŸ‘¨ğŸ¾â€â¤â€ğŸ‘¨ğŸ»,neutral
ğŸ‘¨ğŸ¾â€â¤ï¸â€ğŸ‘¨ğŸ¼,neutral
ğŸ‘¨ğŸ¾â€â¤â€ğŸ‘¨ğŸ¼,neutral
ğŸ‘¨ğŸ¾â€â¤ï¸â€ğŸ‘¨ğŸ½,neutral
ğŸ‘¨ğŸ¾â€â¤â€ğŸ‘¨ğŸ½,neutral
ğŸ‘¨ğŸ¾â€â¤ï¸â€ğŸ‘¨ğŸ¾,neutral
ğŸ‘¨ğŸ¾â€â¤â€ğŸ‘¨ğŸ¾,neutral
ğŸ‘¨ğŸ¾â€â¤ï¸â€ğŸ‘¨ğŸ¿,neutral
ğŸ‘¨ğŸ¾â€â¤â€ğŸ‘¨ğŸ¿,neutral
ğŸ‘¨ğŸ¿â€â¤ï¸â€ğŸ‘¨ğŸ»,neutral
ğŸ‘¨ğŸ¿â€â¤â€ğŸ‘¨ğŸ»,neutral
ğŸ‘¨ğŸ¿â€â¤ï¸â€ğŸ‘¨ğŸ¼,neutral
ğŸ‘¨ğŸ¿â€â¤â€ğŸ‘¨ğŸ¼,neutral
ğŸ‘¨ğŸ¿â€â¤ï¸â€ğŸ‘¨ğŸ½,neutral
ğŸ‘¨ğŸ¿â€â¤â€ğŸ‘¨ğŸ½,neutral
ğŸ‘¨ğŸ¿â€â¤ï¸â€ğŸ‘¨ğŸ¾,neutral
ğŸ‘¨ğŸ¿â€â¤â€ğŸ‘¨ğŸ¾,neutral
ğŸ‘¨ğŸ¿â€â¤ï¸â€ğŸ‘¨ğŸ¿,neutral
ğŸ‘¨ğŸ¿â€â¤â€ğŸ‘¨ğŸ¿,neutral
ğŸ‘©â€â¤ï¸â€ğŸ‘©,neutral
ğŸ‘©â€â¤â€ğŸ‘©,neutral
ğŸ‘©ğŸ»â€â¤ï¸â€ğŸ‘©ğŸ»,neutral
ğŸ‘©ğŸ»â€â¤â€ğŸ‘©ğŸ»,neutral
ğŸ‘©ğŸ»â€â¤ï¸â€ğŸ‘©ğŸ¼,neutral
ğŸ‘©ğŸ»â€â¤â€ğŸ‘©ğŸ¼,neutral
ğŸ‘©ğŸ»â€â¤ï¸â€ğŸ‘©ğŸ½,neutral
ğŸ‘©ğŸ»â€â¤â€ğŸ‘©ğŸ½,neutral
ğŸ‘©ğŸ»â€â¤ï¸â€ğŸ‘©ğŸ¾,neutral
ğŸ‘©ğŸ»â€â¤â€ğŸ‘©ğŸ¾,neutral
ğŸ‘©ğŸ»â€â¤ï¸â€ğŸ‘©ğŸ¿,neutral
ğŸ‘©ğŸ»â€â¤â€ğŸ‘©ğŸ¿,neutral
ğŸ‘©ğŸ¼â€â¤ï¸â€ğŸ‘©ğŸ»,neutral
ğŸ‘©ğŸ¼â€â¤â€ğŸ‘©ğŸ»,neutral
ğŸ‘©ğŸ¼â€â¤ï¸â€ğŸ‘©ğŸ¼,neutral
ğŸ‘©ğŸ¼â€â¤â€ğŸ‘©ğŸ¼,neutral
ğŸ‘©ğŸ¼â€â¤ï¸â€ğŸ‘©ğŸ½,neutral
ğŸ‘©ğŸ¼â€â¤â€ğŸ‘©ğŸ½,neutral
ğŸ‘©ğŸ¼â€â¤ï¸â€ğŸ‘©ğŸ¾,neutral
ğŸ‘©ğŸ¼â€â¤â€ğŸ‘©ğŸ¾,neutral
ğŸ‘©ğŸ¼â€â¤ï¸â€ğŸ‘©ğŸ¿,neutral
ğŸ‘©ğŸ¼â€â¤â€ğŸ‘©ğŸ¿,neutral
ğŸ‘©ğŸ½â€â¤ï¸â€ğŸ‘©ğŸ»,neutral
ğŸ‘©ğŸ½â€â¤â€ğŸ‘©ğŸ»,neutral
ğŸ‘©ğŸ½â€â¤ï¸â€ğŸ‘©ğŸ¼,neutral
ğŸ‘©ğŸ½â€â¤â€ğŸ‘©ğŸ¼,neutral
ğŸ‘©ğŸ½â€â¤ï¸â€ğŸ‘©ğŸ½,neutral
ğŸ‘©ğŸ½â€â¤â€ğŸ‘©ğŸ½,neutral
ğŸ‘©ğŸ½â€â¤ï¸â€ğŸ‘©ğŸ¾,neutral
ğŸ‘©ğŸ½â€â¤â€ğŸ‘©ğŸ¾,neutral
ğŸ‘©ğŸ½â€â¤ï¸â€ğŸ‘©ğŸ¿,neutral
ğŸ‘©ğŸ½â€â¤â€ğŸ‘©ğŸ¿,neutral
ğŸ‘©ğŸ¾â€â¤ï¸â€ğŸ‘©ğŸ»,neutral
ğŸ‘©ğŸ¾â€â¤â€ğŸ‘©ğŸ»,neutral
ğŸ‘©ğŸ¾â€â¤ï¸â€ğŸ‘©ğŸ¼,neutral
ğŸ‘©ğŸ¾â€â¤â€ğŸ‘©ğŸ¼,neutral
ğŸ‘©ğŸ¾â€â¤ï¸â€ğŸ‘©ğŸ½,neutral
ğŸ‘©ğŸ¾â€â¤â€ğŸ‘©ğŸ½,neutral
ğŸ‘©ğŸ¾â€â¤ï¸â€ğŸ‘©ğŸ¾,neutral
ğŸ‘©ğŸ¾â€â¤â€ğŸ‘©ğŸ¾,neutral
ğŸ‘©ğŸ¾â€â¤ï¸â€ğŸ‘©ğŸ¿,neutral
ğŸ‘©ğŸ¾â€â¤â€ğŸ‘©ğŸ¿,neutral
ğŸ‘©ğŸ¿â€â¤ï¸â€ğŸ‘©ğŸ»,neutral
ğŸ‘©ğŸ¿â€â¤â€ğŸ‘©ğŸ»,neutral
ğŸ‘©ğŸ¿â€â¤ï¸â€ğŸ‘©ğŸ¼,neutral
ğŸ‘©ğŸ¿â€â¤â€ğŸ‘©ğŸ¼,neutral
ğŸ‘©ğŸ¿â€â¤ï¸â€ğŸ‘©ğŸ½,neutral
ğŸ‘©ğŸ¿â€â¤â€ğŸ‘©ğŸ½,neutral
ğŸ‘©ğŸ¿â€â¤ï¸â€ğŸ‘©ğŸ¾,neutral
ğŸ‘©ğŸ¿â€â¤â€ğŸ‘©ğŸ¾,neutral
ğŸ‘©ğŸ¿â€â¤ï¸â€ğŸ‘©ğŸ¿,neutral
ğŸ‘©ğŸ¿â€â¤â€ğŸ‘©ğŸ¿,neutral
ğŸ‘ª,neutral
ğŸ‘¨â€ğŸ‘©â€ğŸ‘¦,neutral
ğŸ‘¨â€ğŸ‘©â€ğŸ‘§,neutral
ğŸ‘¨â€ğŸ‘©â€ğŸ‘§â€ğŸ‘¦,neutral
ğŸ‘¨â€ğŸ‘©â€ğŸ‘¦â€ğŸ‘¦,neutral
ğŸ‘¨â€ğŸ‘©â€ğŸ‘§â€ğŸ‘§,neutral
ğŸ‘¨â€ğŸ‘¨â€ğŸ‘¦,neutral
ğŸ‘¨â€ğŸ‘¨â€ğŸ‘§,neutral
ğŸ‘¨â€ğŸ‘¨â€ğŸ‘§â€ğŸ‘¦,neutral
ğŸ‘¨â€ğŸ‘¨â€ğŸ‘¦â€ğŸ‘¦,neutral
ğŸ‘¨â€ğŸ‘¨â€ğŸ‘§â€ğŸ‘§,neutral
ğŸ‘©â€ğŸ‘©â€ğŸ‘¦,neutral
ğŸ‘©â€ğŸ‘©â€ğŸ‘§,neutral
ğŸ‘©â€ğŸ‘©â€ğŸ‘§â€ğŸ‘¦,neutral
ğŸ‘©â€ğŸ‘©â€ğŸ‘¦â€ğŸ‘¦,neutral
ğŸ‘©â€ğŸ‘©â€ğŸ‘§â€ğŸ‘§,neutral
ğŸ‘¨â€ğŸ‘¦,neutral
ğŸ‘¨â€ğŸ‘¦â€ğŸ‘¦,neutral
ğŸ‘¨â€ğŸ‘§,neutral
ğŸ‘¨â€ğŸ‘§â€ğŸ‘¦,neutral
ğŸ‘¨â€ğŸ‘§â€ğŸ‘§,neutral
ğŸ‘©â€ğŸ‘¦,neutral
ğŸ‘©â€ğŸ‘¦â€ğŸ‘¦,neutral
ğŸ‘©â€ğŸ‘§,neutral
ğŸ‘©â€ğŸ‘§â€ğŸ‘¦,neutral
ğŸ‘©â€ğŸ‘§â€ğŸ‘§,neutral
ğŸ—£ï¸,neutral
ğŸ—£,neutral
ğŸ‘¤,neutral
ğŸ‘¥,neutral
ğŸ«‚,neutral
ğŸ‘£,neutral
ğŸµ,neutral
ğŸ’,neutral
ğŸ¦,neutral
ğŸ¦§,neutral
ğŸ¶,neutral
ğŸ•,neutral
ğŸ¦®,neutral
ğŸ•â€ğŸ¦º,neutral
ğŸ©,neutral
ğŸº,neutral
ğŸ¦Š,neutral
ğŸ¦,neutral
ğŸ±,neutral
ğŸˆ,neutral
ğŸˆâ€â¬›,neutral
ğŸ¦,neutral
ğŸ¯,neutral
ğŸ…,neutral
ğŸ†,neutral
ğŸ´,neutral
ğŸ,neutral
ğŸ¦„,neutral
ğŸ¦“,neutral
ğŸ¦Œ,neutral
ğŸ¦¬,neutral
ğŸ®,neutral
ğŸ‚,neutral
ğŸƒ,neutral
ğŸ„,neutral
ğŸ·,neutral
ğŸ–,neutral
ğŸ—,neutral
ğŸ½,neutral
ğŸ,neutral
ğŸ‘,neutral
ğŸ,neutral
ğŸª,neutral
ğŸ«,neutral
ğŸ¦™,neutral
ğŸ¦’,neutral
ğŸ˜,neutral
ğŸ¦£,neutral
ğŸ¦,neutral
ğŸ¦›,neutral
ğŸ­,neutral
ğŸ,neutral
ğŸ€,neutral
ğŸ¹,neutral
ğŸ°,neutral
ğŸ‡,neutral
ğŸ¿ï¸,neutral
ğŸ¿,neutral
ğŸ¦«,neutral
ğŸ¦”,neutral
ğŸ¦‡,neutral
ğŸ»,neutral
ğŸ»â€â„ï¸,neutral
ğŸ»â€â„,neutral
ğŸ¨,neutral
ğŸ¼,neutral
ğŸ¦¥,neutral
ğŸ¦¦,neutral
ğŸ¦¨,neutral
ğŸ¦˜,neutral
ğŸ¦¡,neutral
ğŸ¾,neutral
ğŸ¦ƒ,neutral
ğŸ”,neutral
ğŸ“,neutral
ğŸ£,neutral
ğŸ¤,neutral
ğŸ¥,neutral
ğŸ¦,neutral
ğŸ§,neutral
ğŸ•Šï¸,neutral
ğŸ•Š,neutral
ğŸ¦…,neutral
ğŸ¦†,neutral
ğŸ¦¢,neutral
ğŸ¦‰,neutral
ğŸ¦¤,neutral
ğŸª¶,neutral
ğŸ¦©,neutral
ğŸ¦š,neutral
ğŸ¦œ,neutral
ğŸ¸,neutral
ğŸŠ,neutral
ğŸ¢,neutral
ğŸ¦,neutral
ğŸ,neutral
ğŸ²,neutral
ğŸ‰,neutral
ğŸ¦•,neutral
ğŸ¦–,neutral
ğŸ³,neutral
ğŸ‹,neutral
ğŸ¬,neutral
ğŸ¦­,neutral
ğŸŸ,neutral
ğŸ ,neutral
ğŸ¡,neutral
ğŸ¦ˆ,neutral
ğŸ™,neutral
ğŸš,neutral
ğŸŒ,neutral
ğŸ¦‹,neutral
ğŸ›,neutral
ğŸœ,neutral
ğŸ,neutral
ğŸª²,neutral
ğŸ,neutral
ğŸ¦—,neutral
ğŸª³,neutral
ğŸ•·ï¸,neutral
ğŸ•·,neutral
ğŸ•¸ï¸,neutral
ğŸ•¸,neutral
ğŸ¦‚,neutral
ğŸ¦Ÿ,neutral
ğŸª°,neutral
ğŸª±,neutral
ğŸ¦ ,neutral
ğŸ’,neutral
ğŸŒ¸,neutral
ğŸ’®,neutral
ğŸµï¸,neutral
ğŸµ,neutral
ğŸŒ¹,neutral
ğŸ¥€,neutral
ğŸŒº,neutral
ğŸŒ»,neutral
ğŸŒ¼,neutral
ğŸŒ·,neutral
ğŸŒ±,neutral
ğŸª´,neutral
ğŸŒ²,neutral
ğŸŒ³,neutral
ğŸŒ´,neutral
ğŸŒµ,neutral
ğŸŒ¾,neutral
ğŸŒ¿,neutral
â˜˜ï¸,neutral
â˜˜,neutral
ğŸ€,neutral
ğŸ,neutral
ğŸ‚,neutral
ğŸƒ,neutral
ğŸ‡,neutral
ğŸˆ,neutral
ğŸ‰,neutral
ğŸŠ,neutral
ğŸ‹,neutral
ğŸŒ,neutral
ğŸ,neutral
ğŸ¥­,neutral
ğŸ,neutral
ğŸ,neutral
ğŸ,neutral
ğŸ‘,neutral
ğŸ’,neutral
ğŸ“,neutral
ğŸ«,neutral
ğŸ¥,neutral
ğŸ…,neutral
ğŸ«’,neutral
ğŸ¥¥,neutral
ğŸ¥‘,neutral
ğŸ†,neutral
ğŸ¥”,neutral
ğŸ¥•,neutral
ğŸŒ½,neutral
ğŸŒ¶ï¸,neutral
ğŸŒ¶,neutral
ğŸ«‘,neutral
ğŸ¥’,neutral
ğŸ¥¬,neutral
ğŸ¥¦,neutral
ğŸ§„,neutral
ğŸ§…,neutral
ğŸ„,neutral
ğŸ¥œ,neutral
ğŸŒ°,neutral
ğŸ,neutral
ğŸ¥,neutral
ğŸ¥–,neutral
ğŸ«“,neutral
ğŸ¥¨,neutral
ğŸ¥¯,neutral
ğŸ¥,neutral
ğŸ§‡,neutral
ğŸ§€,neutral
ğŸ–,neutral
ğŸ—,neutral
ğŸ¥©,neutral
ğŸ¥“,neutral
ğŸ”,neutral
ğŸŸ,neutral
ğŸ•,neutral
ğŸŒ­,neutral
ğŸ¥ª,neutral
ğŸŒ®,neutral
ğŸŒ¯,neutral
ğŸ«”,neutral
ğŸ¥™,neutral
ğŸ§†,neutral
ğŸ¥š,neutral
ğŸ³,neutral
ğŸ¥˜,neutral
ğŸ²,neutral
ğŸ«•,neutral
ğŸ¥£,neutral
ğŸ¥—,neutral
ğŸ¿,neutral
ğŸ§ˆ,neutral
ğŸ§‚,neutral
ğŸ¥«,neutral
ğŸ±,neutral
ğŸ˜,neutral
ğŸ™,neutral
ğŸš,neutral
ğŸ›,neutral
ğŸœ,neutral
ğŸ,neutral
ğŸ ,neutral
ğŸ¢,neutral
ğŸ£,neutral
ğŸ¤,neutral
ğŸ¥,neutral
ğŸ¥®,neutral
ğŸ¡,neutral
ğŸ¥Ÿ,neutral
ğŸ¥ ,neutral
ğŸ¥¡,neutral
ğŸ¦€,neutral
ğŸ¦,neutral
ğŸ¦,neutral
ğŸ¦‘,neutral
ğŸ¦ª,neutral
ğŸ¦,neutral
ğŸ§,neutral
ğŸ¨,neutral
ğŸ©,neutral
ğŸª,neutral
ğŸ‚,neutral
ğŸ°,neutral
ğŸ§,neutral
ğŸ¥§,neutral
ğŸ«,neutral
ğŸ¬,neutral
ğŸ­,neutral
ğŸ®,neutral
ğŸ¯,neutral
ğŸ¼,neutral
ğŸ¥›,neutral
â˜•,neutral
ğŸ«–,neutral
ğŸµ,neutral
ğŸ¶,neutral
ğŸ¾,neutral
ğŸ·,neutral
ğŸ¸,neutral
ğŸ¹,neutral
ğŸº,neutral
ğŸ»,neutral
ğŸ¥‚,neutral
ğŸ¥ƒ,neutral
ğŸ¥¤,neutral
ğŸ§‹,neutral
ğŸ§ƒ,neutral
ğŸ§‰,neutral
ğŸ§Š,neutral
ğŸ¥¢,neutral
ğŸ½ï¸,neutral
ğŸ½,neutral
ğŸ´,neutral
ğŸ¥„,neutral
ğŸ”ª,neutral
ğŸº,neutral
ğŸŒ,neutral
ğŸŒ,neutral
ğŸŒ,neutral
ğŸŒ,neutral
ğŸ—ºï¸,neutral
ğŸ—º,neutral
ğŸ—¾,neutral
ğŸ§­,neutral
ğŸ”ï¸,neutral
ğŸ”,neutral
â›°ï¸,neutral
â›°,neutral
ğŸŒ‹,neutral
ğŸ—»,neutral
ğŸ•ï¸,neutral
ğŸ•,neutral
ğŸ–ï¸,neutral
ğŸ–,neutral
ğŸœï¸,neutral
ğŸœ,neutral
ğŸï¸,neutral
ğŸ,neutral
ğŸï¸,neutral
ğŸ,neutral
ğŸŸï¸,neutral
ğŸŸ,neutral
ğŸ›ï¸,neutral
ğŸ›,neutral
ğŸ—ï¸,neutral
ğŸ—,neutral
ğŸ§±,neutral
ğŸª¨,neutral
ğŸªµ,neutral
ğŸ›–,neutral
ğŸ˜ï¸,neutral
ğŸ˜,neutral
ğŸšï¸,neutral
ğŸš,neutral
ğŸ ,neutral
ğŸ¡,neutral
ğŸ¢,neutral
ğŸ£,neutral
ğŸ¤,neutral
ğŸ¥,neutral
ğŸ¦,neutral
ğŸ¨,neutral
ğŸ©,neutral
ğŸª,neutral
ğŸ«,neutral
ğŸ¬,neutral
ğŸ­,neutral
ğŸ¯,neutral
ğŸ°,neutral
ğŸ’’,neutral
ğŸ—¼,neutral
ğŸ—½,neutral
â›ª,neutral
ğŸ•Œ,neutral
ğŸ›•,neutral
ğŸ•,neutral
â›©ï¸,neutral
â›©,neutral
ğŸ•‹,neutral
â›²,neutral
â›º,neutral
ğŸŒ,neutral
ğŸŒƒ,neutral
ğŸ™ï¸,neutral
ğŸ™,neutral
ğŸŒ„,neutral
ğŸŒ…,neutral
ğŸŒ†,neutral
ğŸŒ‡,neutral
ğŸŒ‰,neutral
â™¨ï¸,neutral
â™¨,neutral
ğŸ ,neutral
ğŸ¡,neutral
ğŸ¢,neutral
ğŸ’ˆ,neutral
ğŸª,neutral
ğŸš‚,neutral
ğŸšƒ,neutral
ğŸš„,neutral
ğŸš…,neutral
ğŸš†,neutral
ğŸš‡,neutral
ğŸšˆ,neutral
ğŸš‰,neutral
ğŸšŠ,neutral
ğŸš,neutral
ğŸš,neutral
ğŸš‹,neutral
ğŸšŒ,neutral
ğŸš,neutral
ğŸš,neutral
ğŸš,neutral
ğŸš‘,neutral
ğŸš’,neutral
ğŸš“,neutral
ğŸš”,neutral
ğŸš•,neutral
ğŸš–,neutral
ğŸš—,neutral
ğŸš˜,neutral
ğŸš™,neutral
ğŸ›»,neutral
ğŸšš,neutral
ğŸš›,neutral
ğŸšœ,neutral
ğŸï¸,neutral
ğŸ,neutral
ğŸï¸,neutral
ğŸ,neutral
ğŸ›µ,neutral
ğŸ¦½,neutral
ğŸ¦¼,neutral
ğŸ›º,neutral
ğŸš²,neutral
ğŸ›´,neutral
ğŸ›¹,neutral
ğŸ›¼,neutral
ğŸš,neutral
ğŸ›£ï¸,neutral
ğŸ›£,neutral
ğŸ›¤ï¸,neutral
ğŸ›¤,neutral
ğŸ›¢ï¸,neutral
ğŸ›¢,neutral
â›½,neutral
ğŸš¨,neutral
ğŸš¥,neutral
ğŸš¦,neutral
ğŸ›‘,neutral
ğŸš§,neutral
âš“,neutral
â›µ,neutral
ğŸ›¶,neutral
ğŸš¤,neutral
ğŸ›³ï¸,neutral
ğŸ›³,neutral
â›´ï¸,neutral
â›´,neutral
ğŸ›¥ï¸,neutral
ğŸ›¥,neutral
ğŸš¢,neutral
âœˆï¸,neutral
âœˆ,neutral
ğŸ›©ï¸,neutral
ğŸ›©,neutral
ğŸ›«,neutral
ğŸ›¬,neutral
ğŸª‚,neutral
ğŸ’º,neutral
ğŸš,neutral
ğŸšŸ,neutral
ğŸš ,neutral
ğŸš¡,neutral
ğŸ›°ï¸,neutral
ğŸ›°,neutral
ğŸš€,neutral
ğŸ›¸,neutral
ğŸ›ï¸,neutral
ğŸ›,neutral
ğŸ§³,neutral
âŒ›,neutral
â³,neutral
âŒš,neutral
â°,neutral
â±ï¸,neutral
â±,neutral
â²ï¸,neutral
â²,neutral
ğŸ•°ï¸,neutral
ğŸ•°,neutral
ğŸ•›,neutral
ğŸ•§,neutral
ğŸ•,neutral
ğŸ•œ,neutral
ğŸ•‘,neutral
ğŸ•,neutral
ğŸ•’,neutral
ğŸ•,neutral
ğŸ•“,neutral
ğŸ•Ÿ,neutral
ğŸ•”,neutral
ğŸ• ,neutral
ğŸ••,neutral
ğŸ•¡,neutral
ğŸ•–,neutral
ğŸ•¢,neutral
ğŸ•—,neutral
ğŸ•£,neutral
ğŸ•˜,neutral
ğŸ•¤,neutral
ğŸ•™,neutral
ğŸ•¥,neutral
ğŸ•š,neutral
ğŸ•¦,neutral
ğŸŒ‘,neutral
ğŸŒ’,neutral
ğŸŒ“,neutral
ğŸŒ”,neutral
ğŸŒ•,neutral
ğŸŒ–,neutral
ğŸŒ—,neutral
ğŸŒ˜,neutral
ğŸŒ™,neutral
ğŸŒš,neutral
ğŸŒ›,neutral
ğŸŒœ,neutral
ğŸŒ¡ï¸,neutral
ğŸŒ¡,neutral
â˜€ï¸,neutral
â˜€,neutral
ğŸŒ,neutral
ğŸŒ,neutral
ğŸª,neutral
â­,neutral
ğŸŒŸ,neutral
ğŸŒ ,neutral
ğŸŒŒ,neutral
â˜ï¸,neutral
â˜,neutral
â›…,neutral
â›ˆï¸,neutral
â›ˆ,neutral
ğŸŒ¤ï¸,neutral
ğŸŒ¤,neutral
ğŸŒ¥ï¸,neutral
ğŸŒ¥,neutral
ğŸŒ¦ï¸,neutral
ğŸŒ¦,neutral
ğŸŒ§ï¸,neutral
ğŸŒ§,neutral
ğŸŒ¨ï¸,neutral
ğŸŒ¨,neutral
ğŸŒ©ï¸,neutral
ğŸŒ©,neutral
ğŸŒªï¸,neutral
ğŸŒª,neutral
ğŸŒ«ï¸,neutral
ğŸŒ«,neutral
ğŸŒ¬ï¸,neutral
ğŸŒ¬,neutral
ğŸŒ€,neutral
ğŸŒˆ,neutral
ğŸŒ‚,neutral
â˜‚ï¸,neutral
â˜‚,neutral
â˜”,neutral
â›±ï¸,neutral
â›±,neutral
âš¡,neutral
â„ï¸,neutral
â„,neutral
â˜ƒï¸,neutral
â˜ƒ,neutral
â›„,neutral
â˜„ï¸,neutral
â˜„,neutral
ğŸ”¥,neutral
ğŸ’§,neutral
ğŸŒŠ,neutral
ğŸƒ,neutral
ğŸ„,neutral
ğŸ†,neutral
ğŸ‡,neutral
ğŸ§¨,neutral
âœ¨,neutral
ğŸˆ,neutral
ğŸ‰,neutral
ğŸŠ,neutral
ğŸ‹,neutral
ğŸ,neutral
ğŸ,neutral
ğŸ,neutral
ğŸ,neutral
ğŸ‘,neutral
ğŸ§§,neutral
ğŸ€,neutral
ğŸ,neutral
ğŸ—ï¸,neutral
ğŸ—,neutral
ğŸŸï¸,neutral
ğŸŸ,neutral
ğŸ«,neutral
ğŸ–ï¸,neutral
ğŸ–,neutral
ğŸ†,neutral
ğŸ…,neutral
ğŸ¥‡,neutral
ğŸ¥ˆ,neutral
ğŸ¥‰,neutral
âš½,neutral
âš¾,neutral
ğŸ¥,neutral
ğŸ€,neutral
ğŸ,neutral
ğŸˆ,neutral
ğŸ‰,neutral
ğŸ¾,neutral
ğŸ¥,neutral
ğŸ³,neutral
ğŸ,neutral
ğŸ‘,neutral
ğŸ’,neutral
ğŸ¥,neutral
ğŸ“,neutral
ğŸ¸,neutral
ğŸ¥Š,neutral
ğŸ¥‹,neutral
ğŸ¥…,neutral
â›³,neutral
â›¸ï¸,neutral
â›¸,neutral
ğŸ£,neutral
ğŸ¤¿,neutral
ğŸ½,neutral
ğŸ¿,neutral
ğŸ›·,neutral
ğŸ¥Œ,neutral
ğŸ¯,neutral
ğŸª€,neutral
ğŸª,neutral
ğŸ±,neutral
ğŸ”®,neutral
ğŸª„,neutral
ğŸ§¿,neutral
ğŸ®,neutral
ğŸ•¹ï¸,neutral
ğŸ•¹,neutral
ğŸ°,neutral
ğŸ²,neutral
ğŸ§©,neutral
ğŸ§¸,neutral
ğŸª…,neutral
ğŸª†,neutral
â™ ï¸,neutral
â™ ,neutral
â™¥ï¸,neutral
â™¥,neutral
â™¦ï¸,neutral
â™¦,neutral
â™£ï¸,neutral
â™£,neutral
â™Ÿï¸,neutral
â™Ÿ,neutral
ğŸƒ,neutral
ğŸ€„,neutral
ğŸ´,neutral
ğŸ­,neutral
ğŸ–¼ï¸,neutral
ğŸ–¼,neutral
ğŸ¨,neutral
ğŸ§µ,neutral
ğŸª¡,neutral
ğŸ§¶,neutral
ğŸª¢,neutral
ğŸ‘“,neutral
ğŸ•¶ï¸,neutral
ğŸ•¶,neutral
ğŸ¥½,neutral
ğŸ¥¼,neutral
ğŸ¦º,neutral
ğŸ‘”,neutral
ğŸ‘•,neutral
ğŸ‘–,neutral
ğŸ§£,neutral
ğŸ§¤,neutral
ğŸ§¥,neutral
ğŸ§¦,neutral
ğŸ‘—,neutral
ğŸ‘˜,neutral
ğŸ¥»,neutral
ğŸ©±,neutral
ğŸ©²,neutral
ğŸ©³,neutral
ğŸ‘™,neutral
ğŸ‘š,neutral
ğŸ‘›,neutral
ğŸ‘œ,neutral
ğŸ‘,neutral
ğŸ›ï¸,neutral
ğŸ›,neutral
ğŸ’,neutral
ğŸ©´,neutral
ğŸ‘,neutral
ğŸ‘Ÿ,neutral
ğŸ¥¾,neutral
ğŸ¥¿,neutral
ğŸ‘ ,neutral
ğŸ‘¡,neutral
ğŸ©°,neutral
ğŸ‘¢,neutral
ğŸ‘‘,neutral
ğŸ‘’,neutral
ğŸ©,neutral
ğŸ“,neutral
ğŸ§¢,neutral
ğŸª–,neutral
â›‘ï¸,neutral
â›‘,neutral
ğŸ“¿,neutral
ğŸ’„,neutral
ğŸ’,neutral
ğŸ’,neutral
ğŸ”‡,neutral
ğŸ”ˆ,neutral
ğŸ”‰,neutral
ğŸ”Š,neutral
ğŸ“¢,neutral
ğŸ“£,neutral
ğŸ“¯,neutral
ğŸ””,neutral
ğŸ”•,neutral
ğŸ¼,neutral
ğŸµ,neutral
ğŸ¶,neutral
ğŸ™ï¸,neutral
ğŸ™,neutral
ğŸšï¸,neutral
ğŸš,neutral
ğŸ›ï¸,neutral
ğŸ›,neutral
ğŸ¤,neutral
ğŸ§,neutral
ğŸ“»,neutral
ğŸ·,neutral
ğŸª—,neutral
ğŸ¸,neutral
ğŸ¹,neutral
ğŸº,neutral
ğŸ»,neutral
ğŸª•,neutral
ğŸ¥,neutral
ğŸª˜,neutral
ğŸ“±,neutral
ğŸ“²,neutral
â˜ï¸,neutral
â˜,neutral
ğŸ“,neutral
ğŸ“Ÿ,neutral
ğŸ“ ,neutral
ğŸ”‹,neutral
ğŸ”Œ,neutral
ğŸ’»,neutral
ğŸ–¥ï¸,neutral
ğŸ–¥,neutral
ğŸ–¨ï¸,neutral
ğŸ–¨,neutral
âŒ¨ï¸,neutral
âŒ¨,neutral
ğŸ–±ï¸,neutral
ğŸ–±,neutral
ğŸ–²ï¸,neutral
ğŸ–²,neutral
ğŸ’½,neutral
ğŸ’¾,neutral
ğŸ’¿,neutral
ğŸ“€,neutral
ğŸ§®,neutral
ğŸ¥,neutral
ğŸï¸,neutral
ğŸ,neutral
ğŸ“½ï¸,neutral
ğŸ“½,neutral
ğŸ¬,neutral
ğŸ“º,neutral
ğŸ“·,neutral
ğŸ“¸,neutral
ğŸ“¹,neutral
ğŸ“¼,neutral
ğŸ”,neutral
ğŸ”,neutral
ğŸ•¯ï¸,neutral
ğŸ•¯,neutral
ğŸ’¡,neutral
ğŸ”¦,neutral
ğŸ®,neutral
ğŸª”,neutral
ğŸ“”,neutral
ğŸ“•,neutral
ğŸ“–,neutral
ğŸ“—,neutral
ğŸ“˜,neutral
ğŸ“™,neutral
ğŸ“š,neutral
ğŸ““,neutral
ğŸ“’,neutral
ğŸ“ƒ,neutral
ğŸ“œ,neutral
ğŸ“„,neutral
ğŸ“°,neutral
ğŸ—ï¸,neutral
ğŸ—,neutral
ğŸ“‘,neutral
ğŸ”–,neutral
ğŸ·ï¸,neutral
ğŸ·,neutral
ğŸ’°,neutral
ğŸª™,neutral
ğŸ’´,neutral
ğŸ’µ,neutral
ğŸ’¶,neutral
ğŸ’·,neutral
ğŸ’¸,neutral
ğŸ’³,neutral
ğŸ§¾,neutral
ğŸ’¹,neutral
âœ‰ï¸,neutral
âœ‰,neutral
ğŸ“§,neutral
ğŸ“¨,neutral
ğŸ“©,neutral
ğŸ“¤,neutral
ğŸ“¥,neutral
ğŸ“¦,neutral
ğŸ“«,neutral
ğŸ“ª,neutral
ğŸ“¬,neutral
ğŸ“­,neutral
ğŸ“®,neutral
ğŸ—³ï¸,neutral
ğŸ—³,neutral
âœï¸,neutral
âœ,neutral
âœ’ï¸,neutral
âœ’,neutral
ğŸ–‹ï¸,neutral
ğŸ–‹,neutral
ğŸ–Šï¸,neutral
ğŸ–Š,neutral
ğŸ–Œï¸,neutral
ğŸ–Œ,neutral
ğŸ–ï¸,neutral
ğŸ–,neutral
ğŸ“,neutral
ğŸ’¼,neutral
ğŸ“,neutral
ğŸ“‚,neutral
ğŸ—‚ï¸,neutral
ğŸ—‚,neutral
ğŸ“…,neutral
ğŸ“†,neutral
ğŸ—’ï¸,neutral
ğŸ—’,neutral
ğŸ—“ï¸,neutral
ğŸ—“,neutral
ğŸ“‡,neutral
ğŸ“ˆ,neutral
ğŸ“‰,neutral
ğŸ“Š,neutral
ğŸ“‹,neutral
ğŸ“Œ,neutral
ğŸ“,neutral
ğŸ“,neutral
ğŸ–‡ï¸,neutral
ğŸ–‡,neutral
ğŸ“,neutral
ğŸ“,neutral
âœ‚ï¸,neutral
âœ‚,neutral
ğŸ—ƒï¸,neutral
ğŸ—ƒ,neutral
ğŸ—„ï¸,neutral
ğŸ—„,neutral
ğŸ—‘ï¸,neutral
ğŸ—‘,neutral
ğŸ”’,neutral
ğŸ”“,neutral
ğŸ”,neutral
ğŸ”,neutral
ğŸ”‘,neutral
ğŸ—ï¸,neutral
ğŸ—,neutral
ğŸ”¨,neutral
ğŸª“,neutral
â›ï¸,neutral
â›,neutral
âš’ï¸,neutral
âš’,neutral
ğŸ› ï¸,neutral
ğŸ› ,neutral
ğŸ—¡ï¸,neutral
ğŸ—¡,neutral
âš”ï¸,neutral
âš”,neutral
ğŸ”«,neutral
ğŸªƒ,neutral
ğŸ¹,neutral
ğŸ›¡ï¸,neutral
ğŸ›¡,neutral
ğŸªš,neutral
ğŸ”§,neutral
ğŸª›,neutral
ğŸ”©,neutral
âš™ï¸,neutral
âš™,neutral
ğŸ—œï¸,neutral
ğŸ—œ,neutral
âš–ï¸,neutral
âš–,neutral
ğŸ¦¯,neutral
ğŸ”—,neutral
â›“ï¸,neutral
â›“,neutral
ğŸª,neutral
ğŸ§°,neutral
ğŸ§²,neutral
ğŸªœ,neutral
âš—ï¸,neutral
âš—,neutral
ğŸ§ª,neutral
ğŸ§«,neutral
ğŸ§¬,neutral
ğŸ”¬,neutral
ğŸ”­,neutral
ğŸ“¡,neutral
ğŸ’‰,neutral
ğŸ©¸,neutral
ğŸ’Š,neutral
ğŸ©¹,neutral
ğŸ©º,neutral
ğŸšª,neutral
ğŸ›—,neutral
ğŸª,neutral
ğŸªŸ,neutral
ğŸ›ï¸,neutral
ğŸ›,neutral
ğŸ›‹ï¸,neutral
ğŸ›‹,neutral
ğŸª‘,neutral
ğŸš½,neutral
ğŸª ,neutral
ğŸš¿,neutral
ğŸ›,neutral
ğŸª¤,neutral
ğŸª’,neutral
ğŸ§´,neutral
ğŸ§·,neutral
ğŸ§¹,neutral
ğŸ§º,neutral
ğŸ§»,neutral
ğŸª£,neutral
ğŸ§¼,neutral
ğŸª¥,neutral
ğŸ§½,neutral
ğŸ§¯,neutral
ğŸ›’,neutral
ğŸš¬,neutral
âš°ï¸,neutral
âš°,neutral
ğŸª¦,neutral
âš±ï¸,neutral
âš±,neutral
ğŸ—¿,neutral
ğŸª§,neutral
ğŸ§,neutral
ğŸš®,neutral
ğŸš°,neutral
â™¿,neutral
ğŸš¹,neutral
ğŸšº,neutral
ğŸš»,neutral
ğŸš¼,neutral
ğŸš¾,neutral
ğŸ›‚,neutral
ğŸ›ƒ,neutral
ğŸ›„,neutral
ğŸ›…,neutral
âš ï¸,neutral
âš ,neutral
ğŸš¸,neutral
â›”,neutral
ğŸš«,neutral
ğŸš³,neutral
ğŸš­,neutral
ğŸš¯,neutral
ğŸš±,neutral
ğŸš·,neutral
ğŸ“µ,neutral
ğŸ”,neutral
â˜¢ï¸,neutral
â˜¢,neutral
â˜£ï¸,neutral
â˜£,neutral
â¬†ï¸,neutral
â¬†,neutral
â†—ï¸,neutral
â†—,neutral
â¡ï¸,neutral
â¡,neutral
â†˜ï¸,neutral
â†˜,neutral
â¬‡ï¸,neutral
â¬‡,neutral
â†™ï¸,neutral
â†™,neutral
â¬…ï¸,neutral
â¬…,neutral
â†–ï¸,neutral
â†–,neutral
â†•ï¸,neutral
â†•,neutral
â†”ï¸,neutral
â†”,neutral
â†©ï¸,neutral
â†©,neutral
â†ªï¸,neutral
â†ª,neutral
â¤´ï¸,neutral
â¤´,neutral
â¤µï¸,neutral
â¤µ,neutral
ğŸ”ƒ,neutral
ğŸ”„,neutral
ğŸ”™,neutral
ğŸ”š,neutral
ğŸ”›,neutral
ğŸ”œ,neutral
ğŸ”,neutral
ğŸ›,neutral
âš›ï¸,neutral
âš›,neutral
ğŸ•‰ï¸,neutral
ğŸ•‰,neutral
âœ¡ï¸,neutral
âœ¡,neutral
â˜¸ï¸,neutral
â˜¸,neutral
â˜¯ï¸,neutral
â˜¯,neutral
âœï¸,neutral
âœ,neutral
â˜¦ï¸,neutral
â˜¦,neutral
â˜ªï¸,neutral
â˜ª,neutral
â˜®ï¸,neutral
â˜®,neutral
ğŸ•,neutral
ğŸ”¯,neutral
â™ˆ,neutral
â™‰,neutral
â™Š,neutral
â™‹,neutral
â™Œ,neutral
â™,neutral
â™,neutral
â™,neutral
â™,neutral
â™‘,neutral
â™’,neutral
â™“,neutral
â›,neutral
ğŸ”€,neutral
ğŸ”,neutral
ğŸ”‚,neutral
â–¶ï¸,neutral
â–¶,neutral
â©,neutral
â­ï¸,neutral
â­,neutral
â¯ï¸,neutral
â¯,neutral
â—€ï¸,neutral
â—€,neutral
âª,neutral
â®ï¸,neutral
â®,neutral
ğŸ”¼,neutral
â«,neutral
ğŸ”½,neutral
â¬,neutral
â¸ï¸,neutral
â¸,neutral
â¹ï¸,neutral
â¹,neutral
âºï¸,neutral
âº,neutral
âï¸,neutral
â,neutral
ğŸ¦,neutral
ğŸ”…,neutral
ğŸ”†,neutral
ğŸ“¶,neutral
ğŸ“³,neutral
ğŸ“´,neutral
â™€ï¸,neutral
â™€,neutral
â™‚ï¸,neutral
â™‚,neutral
âš§ï¸,neutral
âš§,neutral
âœ–ï¸,neutral
âœ–,neutral
â•,neutral
â–,neutral
â—,neutral
â™¾ï¸,neutral
â™¾,neutral
â€¼ï¸,neutral
â€¼,neutral
â‰ï¸,neutral
â‰,neutral
â“,neutral
â”,neutral
â•,neutral
â—,neutral
ã€°ï¸,neutral
ã€°,neutral
ğŸ’±,neutral
ğŸ’²,neutral
âš•ï¸,neutral
âš•,neutral
â™»ï¸,neutral
â™»,neutral
âšœï¸,neutral
âšœ,neutral
ğŸ”±,neutral
ğŸ“›,neutral
ğŸ”°,neutral
â­•,neutral
âœ…,neutral
â˜‘ï¸,neutral
â˜‘,neutral
âœ”ï¸,neutral
âœ”,neutral
âŒ,neutral
â,neutral
â°,neutral
â¿,neutral
ã€½ï¸,neutral
ã€½,neutral
âœ³ï¸,neutral
âœ³,neutral
âœ´ï¸,neutral
âœ´,neutral
â‡ï¸,neutral
â‡,neutral
Â©ï¸,neutral
Â©,neutral
Â®ï¸,neutral
Â®,neutral
â„¢ï¸,neutral
â„¢,neutral
#ï¸âƒ£,neutral
#âƒ£,neutral
*ï¸âƒ£,neutral
*âƒ£,neutral
0ï¸âƒ£,neutral
0âƒ£,neutral
1ï¸âƒ£,neutral
1âƒ£,neutral
2ï¸âƒ£,neutral
2âƒ£,neutral
3ï¸âƒ£,neutral
3âƒ£,neutral
4ï¸âƒ£,neutral
4âƒ£,neutral
5ï¸âƒ£,neutral
5âƒ£,neutral
6ï¸âƒ£,neutral
6âƒ£,neutral
7ï¸âƒ£,neutral
7âƒ£,neutral
8ï¸âƒ£,neutral
8âƒ£,neutral
9ï¸âƒ£,neutral
9âƒ£,neutral
ğŸ”Ÿ,neutral
ğŸ” ,neutral
ğŸ”¡,neutral
ğŸ”¢,neutral
ğŸ”£,neutral
ğŸ”¤,neutral
ğŸ…°ï¸,neutral
ğŸ…°,neutral
ğŸ†,neutral
ğŸ…±ï¸,neutral
ğŸ…±,neutral
ğŸ†‘,neutral
ğŸ†’,neutral
ğŸ†“,neutral
â„¹ï¸,neutral
â„¹,neutral
ğŸ†”,neutral
â“‚ï¸,neutral
â“‚,neutral
ğŸ†•,neutral
ğŸ†–,neutral
ğŸ…¾ï¸,neutral
ğŸ…¾,neutral
ğŸ†—,neutral
ğŸ…¿ï¸,neutral
ğŸ…¿,neutral
ğŸ†˜,neutral
ğŸ†™,neutral
ğŸ†š,neutral
ğŸˆ,neutral
ğŸˆ‚ï¸,neutral
ğŸˆ‚,neutral
ğŸˆ·ï¸,neutral
ğŸˆ·,neutral
ğŸˆ¶,neutral
ğŸˆ¯,neutral
ğŸ‰,neutral
ğŸˆ¹,neutral
ğŸˆš,neutral
ğŸˆ²,neutral
ğŸ‰‘,neutral
ğŸˆ¸,neutral
ğŸˆ´,neutral
ğŸˆ³,neutral
ãŠ—ï¸,neutral
ãŠ—,neutral
ãŠ™ï¸,neutral
ãŠ™,neutral
ğŸˆº,neutral
ğŸˆµ,neutral
ğŸ”´,neutral
ğŸŸ ,neutral
ğŸŸ¡,neutral
ğŸŸ¢,neutral
ğŸ”µ,neutral
ğŸŸ£,neutral
ğŸŸ¤,neutral
âš«,neutral
âšª,neutral
ğŸŸ¥,neutral
ğŸŸ§,neutral
ğŸŸ¨,neutral
ğŸŸ©,neutral
ğŸŸ¦,neutral
ğŸŸª,neutral
ğŸŸ«,neutral
â¬›,neutral
â¬œ,neutral
â—¼ï¸,neutral
â—¼,neutral
â—»ï¸,neutral
â—»,neutral
â—¾,neutral
â—½,neutral
â–ªï¸,neutral
â–ª,neutral
â–«ï¸,neutral
â–«,neutral
ğŸ”¶,neutral
ğŸ”·,neutral
ğŸ”¸,neutral
ğŸ”¹,neutral
ğŸ”º,neutral
ğŸ”»,neutral
ğŸ’ ,neutral
ğŸ”˜,neutral
ğŸ”³,neutral
ğŸ”²,neutral
ğŸ,neutral
ğŸš©,neutral
ğŸŒ,neutral
ğŸ´,neutral
ğŸ³ï¸,neutral
ğŸ³,neutral
ğŸ³ï¸â€ğŸŒˆ,neutral
ğŸ³â€ğŸŒˆ,neutral
ğŸ³ï¸â€âš§ï¸,neutral
ğŸ³â€âš§ï¸,neutral
ğŸ³ï¸â€âš§,neutral
ğŸ³â€âš§,neutral
ğŸ´â€â˜ ï¸,neutral
ğŸ´â€â˜ ,neutral
ğŸ‡¦ğŸ‡¨,neutral
ğŸ‡¦ğŸ‡©,neutral
ğŸ‡¦ğŸ‡ª,neutral
ğŸ‡¦ğŸ‡«,neutral
ğŸ‡¦ğŸ‡¬,neutral
ğŸ‡¦ğŸ‡®,neutral
ğŸ‡¦ğŸ‡±,neutral
ğŸ‡¦ğŸ‡²,neutral
ğŸ‡¦ğŸ‡´,neutral
ğŸ‡¦ğŸ‡¶,neutral
ğŸ‡¦ğŸ‡·,neutral
ğŸ‡¦ğŸ‡¸,neutral
ğŸ‡¦ğŸ‡¹,neutral
ğŸ‡¦ğŸ‡º,neutral
ğŸ‡¦ğŸ‡¼,neutral
ğŸ‡¦ğŸ‡½,neutral
ğŸ‡¦ğŸ‡¿,neutral
ğŸ‡§ğŸ‡¦,neutral
ğŸ‡§ğŸ‡§,neutral
ğŸ‡§ğŸ‡©,neutral
ğŸ‡§ğŸ‡ª,neutral
ğŸ‡§ğŸ‡«,neutral
ğŸ‡§ğŸ‡¬,neutral
ğŸ‡§ğŸ‡­,neutral
ğŸ‡§ğŸ‡®,neutral
ğŸ‡§ğŸ‡¯,neutral
ğŸ‡§ğŸ‡±,neutral
ğŸ‡§ğŸ‡²,neutral
ğŸ‡§ğŸ‡³,neutral
ğŸ‡§ğŸ‡´,neutral
ğŸ‡§ğŸ‡¶,neutral
ğŸ‡§ğŸ‡·,neutral
ğŸ‡§ğŸ‡¸,neutral
ğŸ‡§ğŸ‡¹,neutral
ğŸ‡§ğŸ‡»,neutral
ğŸ‡§ğŸ‡¼,neutral
ğŸ‡§ğŸ‡¾,neutral
ğŸ‡§ğŸ‡¿,neutral
ğŸ‡¨ğŸ‡¦,neutral
ğŸ‡¨ğŸ‡¨,neutral
ğŸ‡¨ğŸ‡©,neutral
ğŸ‡¨ğŸ‡«,neutral
ğŸ‡¨ğŸ‡¬,neutral
ğŸ‡¨ğŸ‡­,neutral
ğŸ‡¨ğŸ‡®,neutral
ğŸ‡¨ğŸ‡°,neutral
ğŸ‡¨ğŸ‡±,neutral
ğŸ‡¨ğŸ‡²,neutral
ğŸ‡¨ğŸ‡³,neutral
ğŸ‡¨ğŸ‡´,neutral
ğŸ‡¨ğŸ‡µ,neutral
ğŸ‡¨ğŸ‡·,neutral
ğŸ‡¨ğŸ‡º,neutral
ğŸ‡¨ğŸ‡»,neutral
ğŸ‡¨ğŸ‡¼,neutral
ğŸ‡¨ğŸ‡½,neutral
ğŸ‡¨ğŸ‡¾,neutral
ğŸ‡¨ğŸ‡¿,neutral
ğŸ‡©ğŸ‡ª,neutral
ğŸ‡©ğŸ‡¬,neutral
ğŸ‡©ğŸ‡¯,neutral
ğŸ‡©ğŸ‡°,neutral
ğŸ‡©ğŸ‡²,neutral
ğŸ‡©ğŸ‡´,neutral
ğŸ‡©ğŸ‡¿,neutral
ğŸ‡ªğŸ‡¦,neutral
ğŸ‡ªğŸ‡¨,neutral
ğŸ‡ªğŸ‡ª,neutral
ğŸ‡ªğŸ‡¬,neutral
ğŸ‡ªğŸ‡­,neutral
ğŸ‡ªğŸ‡·,neutral
ğŸ‡ªğŸ‡¸,neutral
ğŸ‡ªğŸ‡¹,neutral
ğŸ‡ªğŸ‡º,neutral
ğŸ‡«ğŸ‡®,neutral
ğŸ‡«ğŸ‡¯,neutral
ğŸ‡«ğŸ‡°,neutral
ğŸ‡«ğŸ‡²,neutral
ğŸ‡«ğŸ‡´,neutral
ğŸ‡«ğŸ‡·,neutral
ğŸ‡¬ğŸ‡¦,neutral
ğŸ‡¬ğŸ‡§,neutral
ğŸ‡¬ğŸ‡©,neutral
ğŸ‡¬ğŸ‡ª,neutral
ğŸ‡¬ğŸ‡«,neutral
ğŸ‡¬ğŸ‡¬,neutral
ğŸ‡¬ğŸ‡­,neutral
ğŸ‡¬ğŸ‡®,neutral
ğŸ‡¬ğŸ‡±,neutral
ğŸ‡¬ğŸ‡²,neutral
ğŸ‡¬ğŸ‡³,neutral
ğŸ‡¬ğŸ‡µ,neutral
ğŸ‡¬ğŸ‡¶,neutral
ğŸ‡¬ğŸ‡·,neutral
ğŸ‡¬ğŸ‡¸,neutral
ğŸ‡¬ğŸ‡¹,neutral
ğŸ‡¬ğŸ‡º,neutral
ğŸ‡¬ğŸ‡¼,neutral
ğŸ‡¬ğŸ‡¾,neutral
ğŸ‡­ğŸ‡°,neutral
ğŸ‡­ğŸ‡²,neutral
ğŸ‡­ğŸ‡³,neutral
ğŸ‡­ğŸ‡·,neutral
ğŸ‡­ğŸ‡¹,neutral
ğŸ‡­ğŸ‡º,neutral
ğŸ‡®ğŸ‡¨,neutral
ğŸ‡®ğŸ‡©,neutral
ğŸ‡®ğŸ‡ª,neutral
ğŸ‡®ğŸ‡±,neutral
ğŸ‡®ğŸ‡²,neutral
ğŸ‡®ğŸ‡³,neutral
ğŸ‡®ğŸ‡´,neutral
ğŸ‡®ğŸ‡¶,neutral
ğŸ‡®ğŸ‡·,neutral
ğŸ‡®ğŸ‡¸,neutral
ğŸ‡®ğŸ‡¹,neutral
ğŸ‡¯ğŸ‡ª,neutral
ğŸ‡¯ğŸ‡²,neutral
ğŸ‡¯ğŸ‡´,neutral
ğŸ‡¯ğŸ‡µ,neutral
ğŸ‡°ğŸ‡ª,neutral
ğŸ‡°ğŸ‡¬,neutral
ğŸ‡°ğŸ‡­,neutral
ğŸ‡°ğŸ‡®,neutral
ğŸ‡°ğŸ‡²,neutral
ğŸ‡°ğŸ‡³,neutral
ğŸ‡°ğŸ‡µ,neutral
ğŸ‡°ğŸ‡·,neutral
ğŸ‡°ğŸ‡¼,neutral
ğŸ‡°ğŸ‡¾,neutral
ğŸ‡°ğŸ‡¿,neutral
ğŸ‡±ğŸ‡¦,neutral
ğŸ‡±ğŸ‡§,neutral
ğŸ‡±ğŸ‡¨,neutral
ğŸ‡±ğŸ‡®,neutral
ğŸ‡±ğŸ‡°,neutral
ğŸ‡±ğŸ‡·,neutral
ğŸ‡±ğŸ‡¸,neutral
ğŸ‡±ğŸ‡¹,neutral
ğŸ‡±ğŸ‡º,neutral
ğŸ‡±ğŸ‡»,neutral
ğŸ‡±ğŸ‡¾,neutral
ğŸ‡²ğŸ‡¦,neutral
ğŸ‡²ğŸ‡¨,neutral
ğŸ‡²ğŸ‡©,neutral
ğŸ‡²ğŸ‡ª,neutral
ğŸ‡²ğŸ‡«,neutral
ğŸ‡²ğŸ‡¬,neutral
ğŸ‡²ğŸ‡­,neutral
ğŸ‡²ğŸ‡°,neutral
ğŸ‡²ğŸ‡±,neutral
ğŸ‡²ğŸ‡²,neutral
ğŸ‡²ğŸ‡³,neutral
ğŸ‡²ğŸ‡´,neutral
ğŸ‡²ğŸ‡µ,neutral
ğŸ‡²ğŸ‡¶,neutral
ğŸ‡²ğŸ‡·,neutral
ğŸ‡²ğŸ‡¸,neutral
ğŸ‡²ğŸ‡¹,neutral
ğŸ‡²ğŸ‡º,neutral
ğŸ‡²ğŸ‡»,neutral
ğŸ‡²ğŸ‡¼,neutral
ğŸ‡²ğŸ‡½,neutral
ğŸ‡²ğŸ‡¾,neutral
ğŸ‡²ğŸ‡¿,neutral
ğŸ‡³ğŸ‡¦,neutral
ğŸ‡³ğŸ‡¨,neutral
ğŸ‡³ğŸ‡ª,neutral
ğŸ‡³ğŸ‡«,neutral
ğŸ‡³ğŸ‡¬,neutral
ğŸ‡³ğŸ‡®,neutral
ğŸ‡³ğŸ‡±,neutral
ğŸ‡³ğŸ‡´,neutral
ğŸ‡³ğŸ‡µ,neutral
ğŸ‡³ğŸ‡·,neutral
ğŸ‡³ğŸ‡º,neutral
ğŸ‡³ğŸ‡¿,neutral
ğŸ‡´ğŸ‡²,neutral
ğŸ‡µğŸ‡¦,neutral
ğŸ‡µğŸ‡ª,neutral
ğŸ‡µğŸ‡«,neutral
ğŸ‡µğŸ‡¬,neutral
ğŸ‡µğŸ‡­,neutral
ğŸ‡µğŸ‡°,neutral
ğŸ‡µğŸ‡±,neutral
ğŸ‡µğŸ‡²,neutral
ğŸ‡µğŸ‡³,neutral
ğŸ‡µğŸ‡·,neutral
ğŸ‡µğŸ‡¸,neutral
ğŸ‡µğŸ‡¹,neutral
ğŸ‡µğŸ‡¼,neutral
ğŸ‡µğŸ‡¾,neutral
ğŸ‡¶ğŸ‡¦,neutral
ğŸ‡·ğŸ‡ª,neutral
ğŸ‡·ğŸ‡´,neutral
ğŸ‡·ğŸ‡¸,neutral
ğŸ‡·ğŸ‡º,neutral
ğŸ‡·ğŸ‡¼,neutral
ğŸ‡¸ğŸ‡¦,neutral
ğŸ‡¸ğŸ‡§,neutral
ğŸ‡¸ğŸ‡¨,neutral
ğŸ‡¸ğŸ‡©,neutral
ğŸ‡¸ğŸ‡ª,neutral
ğŸ‡¸ğŸ‡¬,neutral
ğŸ‡¸ğŸ‡­,neutral
ğŸ‡¸ğŸ‡®,neutral
ğŸ‡¸ğŸ‡¯,neutral
ğŸ‡¸ğŸ‡°,neutral
ğŸ‡¸ğŸ‡±,neutral
ğŸ‡¸ğŸ‡²,neutral
ğŸ‡¸ğŸ‡³,neutral
ğŸ‡¸ğŸ‡´,neutral
ğŸ‡¸ğŸ‡·,neutral
ğŸ‡¸ğŸ‡¸,neutral
ğŸ‡¸ğŸ‡¹,neutral
ğŸ‡¸ğŸ‡»,neutral
ğŸ‡¸ğŸ‡½,neutral
ğŸ‡¸ğŸ‡¾,neutral
ğŸ‡¸ğŸ‡¿,neutral
ğŸ‡¹ğŸ‡¦,neutral
ğŸ‡¹ğŸ‡¨,neutral
ğŸ‡¹ğŸ‡©,neutral
ğŸ‡¹ğŸ‡«,neutral
ğŸ‡¹ğŸ‡¬,neutral
ğŸ‡¹ğŸ‡­,neutral
ğŸ‡¹ğŸ‡¯,neutral
ğŸ‡¹ğŸ‡°,neutral
ğŸ‡¹ğŸ‡±,neutral
ğŸ‡¹ğŸ‡²,neutral
ğŸ‡¹ğŸ‡³,neutral
ğŸ‡¹ğŸ‡´,neutral
ğŸ‡¹ğŸ‡·,neutral
ğŸ‡¹ğŸ‡¹,neutral
ğŸ‡¹ğŸ‡»,neutral
ğŸ‡¹ğŸ‡¼,neutral
ğŸ‡¹ğŸ‡¿,neutral
ğŸ‡ºğŸ‡¦,neutral
ğŸ‡ºğŸ‡¬,neutral
ğŸ‡ºğŸ‡²,neutral
ğŸ‡ºğŸ‡³,neutral
ğŸ‡ºğŸ‡¸,neutral
ğŸ‡ºğŸ‡¾,neutral
ğŸ‡ºğŸ‡¿,neutral
ğŸ‡»ğŸ‡¦,neutral
ğŸ‡»ğŸ‡¨,neutral
ğŸ‡»ğŸ‡ª,neutral
ğŸ‡»ğŸ‡¬,neutral
ğŸ‡»ğŸ‡®,neutral
ğŸ‡»ğŸ‡³,neutral
ğŸ‡»ğŸ‡º,neutral
ğŸ‡¼ğŸ‡«,neutral
ğŸ‡¼ğŸ‡¸,neutral
ğŸ‡½ğŸ‡°,neutral
ğŸ‡¾ğŸ‡ª,neutral
ğŸ‡¾ğŸ‡¹,neutral
ğŸ‡¿ğŸ‡¦,neutral
ğŸ‡¿ğŸ‡²,neutral
ğŸ‡¿ğŸ‡¼,neutral
ğŸ´ó §ó ¢ó ¥ó ®ó §ó ¿,neutral
ğŸ´ó §ó ¢ó ³ó £ó ´ó ¿,neutral
ğŸ´ó §ó ¢ó ·ó ¬ó ³ó ¿,neutral
ğŸ˜,sad
ğŸ™ˆ,sad
ğŸ™‰,sad
ğŸ™Š,sad
ğŸ’”,sad
ğŸ˜¿,sad
ğŸ¤«,Angry
ğŸ˜’,Angry
ğŸ’€,Angry
â˜ ,Angry
ğŸ˜¼,Angry
ğŸ˜ˆ,Happy
ğŸ¥°,Happy
ğŸ˜,Happy
ğŸ¤©,Happy
ğŸ˜˜,Happy
ğŸ˜—,Happy
ğŸ˜š,Happy
ğŸ˜™,Happy
ğŸ¥²,Happy
ğŸ˜,Happy
ğŸ¥³,Happy
â¤ï¸â€ğŸ”¥,Happy
ğŸ§¡,Happy
ğŸ’›,Happy
ğŸ’š,Happy
ğŸ’™,Happy
ğŸ’œ,Happy
ğŸ˜º,Happy
ğŸ˜¸,Happy
ğŸ˜¹,Happy
ğŸ˜»,Happy
ğŸ˜½,Happy
ğŸ¤,Happy
ğŸ–¤,Happy
ğŸ¤,Happy
ğŸ’¯,Happy
